community,year,BATTERY,ASSAULT,CRIM SEXUAL ASSAULT,BURGLARY,ROBBERY,WEAPONS VIOLATION,CRIMINAL TRESPASS,HOMICIDE,DECEPTIVE PRACTICE,KIDNAPPING,MOTOR VEHICLE THEFT,THEFT,NARCOTICS,OFFENSE INVOLVING CHILDREN,SEX OFFENSE,PROSTITUTION,CRIMINAL DAMAGE,name,change_nx_yr
1,2012,-3,57,-9,-46,-49,30,21,2,-33,1,-33,-86,10,-3,2,25,-68,rogers park,25.5439394
1,2013,-125,-37,3,-25,-66,-17,7,-2,30,-2,-51,-36,-123,-2,9,-18,36,rogers park,19.00833333
1,2014,-72,-40,9,-6,-19,-16,-49,4,46,0,26,-185,-77,8,-21,16,-151,rogers park,21.47500000000001
1,2015,-119,-25,-1,-15,-11,-11,-18,-2,-2,-2,-4,27,-66,-8,7,-18,61,rogers park,10.349999999999994
1,2016,85,-4,3,17,53,5,10,-1,27,1,-1,60,-128,10,5,5,-43,rogers park,3.983333299999998
1,2017,-57,34,2,-1,9,2,46,-1,10,1,10,297,-23,-9,4,-12,183,rogers park,11.008333399999998
1,2018,28,15,-9,-8,-24,-7,-23,2,-44,-1,-19,-140,-5,3,12,-3,-116,rogers park,3.858333299999998
2,2012,-28,50,-7,-85,2,-15,-25,6,-21,2,-35,-67,-48,7,-8,11,-82,west ridge,16.225757580000007
2,2013,12,-27,-3,-88,9,10,24,-5,4,-4,-66,14,-14,-2,-3,-12,-50,west ridge,23.708333330000002
2,2014,-76,-23,1,17,-38,-2,-12,2,32,2,2,-184,-39,1,1,2,-54,west ridge,15.216666700000005
2,2015,-41,-36,-1,-39,-22,7,-20,1,-10,-3,-14,-125,-17,3,10,-1,-6,west ridge,0.9000000000000057
2,2016,0,35,7,-43,36,1,21,3,90,6,42,51,-71,1,1,-1,29,west ridge,4.325000000000003
2,2017,36,39,-3,-2,-12,-11,44,-5,11,-2,28,181,-37,-6,2,1,22,west ridge,17.366666600000002
2,2018,29,22,0,66,18,9,-47,4,-15,-1,-21,-104,0,0,-11,-2,-42,west ridge,4.5
3,2012,63,-38,-15,-10,-5,11,0,0,-2,0,67,82,38,13,7,0,52,uptown,14.392424200000022
3,2013,-66,33,4,-85,-17,-21,12,-4,39,-1,-80,-208,-253,1,-8,-3,-79,uptown,12.483333399999964
3,2014,-57,-65,-1,-18,-18,-2,31,4,-33,-1,-85,-173,42,-10,4,-2,-38,uptown,1.625
3,2015,61,24,7,5,10,0,-37,8,59,2,50,-83,-238,13,-6,0,-5,uptown,16.966666600000025
3,2016,5,16,-3,17,29,4,-18,-5,26,-1,-47,129,-170,-11,3,-2,-19,uptown,4.800000000000011
3,2017,-16,23,21,24,-41,-2,-7,-3,43,0,-2,-47,-46,-3,6,1,12,uptown,9.274999999999977
3,2018,51,-18,-7,15,3,4,18,-3,-11,0,17,18,-4,5,-2,-1,-16,uptown,-10.699999999999989
4,2012,38,24,-4,41,11,2,-3,-1,-7,-2,0,30,-42,7,-2,-2,-16,lincoln square,23.534090900000024
4,2013,0,-13,-2,-47,-9,-4,0,2,14,1,-44,-11,-50,7,4,0,24,lincoln square,29.524999999999977
4,2014,-27,-24,4,-44,-15,2,-10,-2,34,1,-32,-180,43,-2,4,0,-63,lincoln square,0.05833330000001524
4,2015,-38,12,-3,-34,12,1,12,1,2,-3,-9,-8,-25,4,-7,1,-6,lincoln square,3.7750000000000057
4,2016,7,-3,11,28,10,7,6,0,107,3,21,27,-37,-8,-5,-2,12,lincoln square,7.541666699999979
4,2017,-8,29,1,-8,11,-8,13,0,-30,-2,7,85,-9,-2,2,0,-49,lincoln square,12.491666699999996
4,2018,36,-12,-2,20,-24,0,-15,1,-18,-2,-9,-62,3,-1,6,0,5,lincoln square,0.5166666000000362
5,2012,-1,-5,-9,-24,12,0,-8,0,-22,0,11,54,12,12,-3,-2,-19,north center,17.310606000000007
5,2013,-47,-15,-1,-75,-3,2,-8,1,-3,-1,-20,-2,-28,-6,1,1,27,north center,4.770833399999987
5,2014,-7,1,3,-18,-17,-4,1,-1,32,-1,-41,-133,-10,3,0,0,16,north center,12.204166600000008
5,2015,-5,-1,-2,-61,19,-1,-1,0,16,0,-4,-27,7,-2,2,-1,-76,north center,20.429166699999996
5,2016,-16,6,0,17,5,4,0,0,74,1,0,-47,-10,-8,-7,0,-14,north center,2.0749999999999886
5,2017,-7,1,4,17,4,-1,4,0,-24,-1,0,63,-10,9,4,0,-39,north center,-12.099999999999966
5,2018,19,2,-6,-23,-17,-1,2,1,-48,2,-17,-17,-6,-7,4,1,-1,north center,-11.245833300000015
6,2012,29,11,2,168,29,6,10,1,-71,1,12,-7,12,4,7,-19,31,lake view,19.04772729999999
6,2013,-73,-44,-4,-318,10,-14,2,-3,122,0,-51,-232,-88,1,-13,-9,-129,lake view,12.78333330000001
6,2014,-191,-12,12,-27,-122,3,-17,0,-53,-1,-152,-484,-45,2,1,3,-48,lake view,10.21666669999999
6,2015,56,20,11,-61,-39,0,5,1,17,0,41,-25,-40,0,1,-5,-53,lake view,6.324999999999989
6,2016,46,-10,-3,110,75,7,-12,0,233,1,13,-21,-57,2,-1,1,78,lake view,12.683333300000015
6,2017,-58,11,10,-90,-33,-9,-16,-1,4,-2,3,112,-32,-3,4,0,-192,lake view,6.083333400000015
6,2018,36,47,4,6,-45,1,50,1,-19,1,3,58,0,-2,5,-2,24,lake view,-7.933333399999981
7,2012,-21,6,7,133,-12,2,20,-2,-44,-2,-15,-258,3,-1,-11,-2,-19,lincoln park,19.46742420000004
7,2013,-6,-27,-8,-266,-9,3,-29,0,43,0,-48,-115,-31,-2,15,1,-47,lincoln park,24.641666699999973
7,2014,-13,11,4,-95,-31,0,2,1,-13,1,-74,-140,-9,0,1,-1,-47,lincoln park,6.0416667000000075
7,2015,-37,-41,5,11,18,-1,-26,-1,24,-1,-27,-229,-12,6,0,-1,13,lincoln park,4.316666600000019
7,2016,11,27,7,43,18,0,27,0,181,-1,34,202,-21,-3,-13,0,-35,lincoln park,14.925000000000011
7,2017,24,30,-1,-46,14,0,-29,1,-21,5,32,282,1,-5,6,0,-34,lincoln park,6.458333399999958
7,2018,-13,55,-8,70,18,7,46,0,-16,-5,-16,257,-7,3,18,1,72,lincoln park,-4.0416667000000075
8,2012,45,-50,8,46,-83,-3,-71,2,-70,5,-114,474,-124,13,-9,-33,62,near north side,35.825000000000045
8,2013,-156,8,3,-15,-70,-1,124,0,-83,-4,23,-649,-68,-9,8,-21,-235,near north side,21.141666699999973
8,2014,14,1,0,-85,-21,3,-161,0,-61,-2,-8,-792,-22,3,-4,10,28,near north side,5.4583332999999925
8,2015,-138,11,11,25,28,-2,-62,-4,100,8,2,135,42,-15,-2,-13,18,near north side,3.025000000000034
8,2016,183,42,37,19,90,10,-102,4,373,-5,141,689,-136,7,9,-55,146,near north side,11.91666669999995
8,2017,151,84,10,39,120,-11,106,0,210,1,43,990,16,5,5,-13,-22,near north side,2.2250000000000227
8,2018,182,91,3,-28,-31,15,-4,0,232,3,-12,237,-8,-4,10,0,-27,near north side,-8.291666700000007
9,2012,-11,-3,0,-13,4,0,0,0,-3,0,1,-12,2,1,2,0,-15,edison park,9.821969700000011
9,2013,-8,-3,-1,-6,-3,0,0,0,-3,-1,-2,4,-2,1,2,0,-2,edison park,31.92500000000001
9,2014,-22,0,1,2,0,0,-1,0,6,0,-3,-18,-1,-2,-3,0,-15,edison park,-9.141666600000008
9,2015,15,7,0,-1,0,1,-6,0,11,0,6,-11,1,5,-1,0,-6,edison park,-7.608333399999992
9,2016,-9,9,0,4,3,-1,1,0,3,0,3,23,-3,-4,1,0,13,edison park,16.00833339999997
9,2017,5,-7,2,-15,-1,1,5,0,-10,1,-3,-3,0,0,2,1,-10,edison park,2.6166666000000305
9,2018,18,-3,-3,8,-2,-1,-1,0,-5,-1,4,-15,-1,-1,-3,-1,-4,edison park,-12.025000000000006
10,2012,21,15,0,-40,-2,2,5,1,-6,1,-3,51,9,5,0,3,-31,norwood park,23.39621219999998
10,2013,-19,-28,3,-22,-13,4,-12,-1,-16,-1,-3,-71,12,2,0,-3,-67,norwood park,26.125
10,2014,-13,7,-1,15,9,-6,14,1,44,1,-7,-40,5,-6,-3,10,14,norwood park,-4.274999999999977
10,2015,-17,10,1,4,-4,3,7,-1,12,-2,-5,8,-10,2,5,-6,12,norwood park,7.674999999999983
10,2016,12,-6,-4,2,6,-4,-8,1,38,4,18,18,-24,-2,-7,-4,7,norwood park,7.016666600000036
10,2017,-15,3,7,-26,-1,4,-7,0,-14,0,-11,-81,-7,-3,5,2,-57,norwood park,-0.7583333000000323
10,2018,7,25,-7,6,-4,-1,18,-1,-32,-1,16,51,0,-3,-1,-2,-3,norwood park,-4.625
11,2012,29,4,1,4,10,2,12,-2,-34,2,10,86,4,-2,1,1,14,jefferson park,17.15454550000001
11,2013,-20,1,-2,-23,0,2,14,1,4,-2,-18,-19,39,7,-2,0,-67,jefferson park,12.691666699999985
11,2014,-6,3,0,-10,-6,4,-8,0,18,1,-4,-18,-35,-10,6,-1,-8,jefferson park,7.933333300000015
11,2015,-14,-11,1,-21,3,-6,-10,0,21,3,-11,-34,4,7,0,0,-11,jefferson park,11.924999999999983
11,2016,-26,23,0,-7,-1,-2,-5,0,8,2,3,-2,-41,-14,0,0,0,jefferson park,7.708333300000021
11,2017,9,-9,5,-17,-5,1,-8,0,21,-5,4,-27,0,2,-4,1,-5,jefferson park,9.208333399999987
11,2018,1,19,1,5,0,0,25,0,-30,1,2,26,-8,3,1,-1,0,jefferson park,-3.4000000000000057
12,2012,-20,3,-1,-5,-3,0,2,0,12,1,6,44,-5,-4,-1,0,-33,forest glen,-14.1875
12,2013,-7,-7,0,-24,2,2,-5,0,-13,1,-1,-57,-3,-1,0,0,-20,forest glen,30.662499999999994
12,2014,-1,4,0,-4,-3,0,2,0,30,-1,-14,-12,-3,1,0,0,13,forest glen,1.1750000000000114
12,2015,14,2,1,-21,1,-2,10,0,-13,-1,6,14,1,3,-1,1,-21,forest glen,-11.270833300000021
12,2016,6,8,-2,25,4,1,5,0,15,0,15,21,-1,-3,2,-1,16,forest glen,10.11666660000003
12,2017,-13,5,3,-29,1,3,3,0,12,1,-5,12,-3,1,0,0,-14,forest glen,-1.8375000000000057
12,2018,-8,-13,1,6,-3,-3,-2,0,-10,-1,4,-3,-4,-1,0,0,-15,forest glen,-20.008333300000004
13,2012,5,-16,2,16,-9,1,-4,-1,9,2,-1,32,3,-3,-3,0,-64,north park,-0.29621219999998516
13,2013,-13,13,1,-69,-3,-4,-5,0,-8,-1,-23,-32,-14,10,8,0,-12,north park,15.30833339999998
13,2014,-18,-3,-1,13,-1,5,-2,0,20,1,1,-25,1,-11,-6,-2,-1,north park,13.958333299999993
13,2015,14,-12,1,-16,4,-5,1,0,6,-2,-7,-25,0,8,-2,2,9,north park,11.933333300000015
13,2016,18,16,-2,-16,8,3,1,1,36,0,4,61,-6,1,1,-2,-5,north park,4.583333399999987
13,2017,4,4,0,-3,-5,-2,15,0,-34,1,22,16,-13,-6,4,1,-15,north park,5.066666600000019
13,2018,-5,-1,6,11,2,6,-3,1,27,-1,-12,-18,-5,2,-1,-1,15,north park,-9.775000000000006
14,2012,20,-15,-4,-42,-13,9,-26,3,-17,2,10,38,-34,-7,-5,1,-49,albany park,22.306060569999985
14,2013,-55,-7,-1,-76,11,-18,-2,-1,14,1,-44,-28,-23,14,6,6,-35,albany park,20.958333400000015
14,2014,-65,5,3,-28,-31,7,4,-2,26,0,-61,-83,-15,-12,-3,11,-27,albany park,24.858333299999998
14,2015,60,27,4,35,-24,2,5,3,-4,-1,28,44,-34,0,2,-21,41,albany park,5.941666699999985
14,2016,-42,-27,3,-51,96,-6,-16,-2,38,0,0,14,-74,4,1,-4,-34,albany park,9.875
14,2017,-24,-20,-3,22,-22,6,2,-2,-9,-1,31,129,-18,2,10,0,-60,albany park,2.7583333000000323
14,2018,51,27,-5,2,-12,8,9,3,7,1,-39,-135,5,-13,-12,0,43,albany park,6.941666699999985
15,2012,-39,-45,1,-82,6,-1,-1,2,26,1,33,22,-30,-6,2,1,-63,portage park,13.342424199999982
15,2013,-13,25,-1,-95,-25,9,25,-1,-17,1,-83,-95,142,-1,-6,-1,-73,portage park,17.91666670000002
15,2014,-46,-41,3,-18,-21,-11,-32,-1,62,5,-89,-160,-149,9,2,1,-14,portage park,11.891666699999973
15,2015,2,10,9,9,24,3,6,1,7,-6,-4,-6,-12,-15,-4,0,30,portage park,7.950000000000017
15,2016,-26,18,-5,-23,-2,-5,-10,-2,37,0,30,-60,-127,11,4,-2,-41,portage park,17.07499999999999
15,2017,13,27,0,6,-13,-2,7,0,17,0,52,40,-4,1,2,0,-18,portage park,4.150000000000006
15,2018,1,12,-1,-32,9,19,0,0,-30,-1,-93,21,-33,-12,-4,1,-19,portage park,-10.150000000000006
16,2012,-59,-28,2,-38,-49,0,-1,-1,-9,-2,23,6,-79,-5,3,0,-85,irving park,23.824242400000003
16,2013,-99,-10,-8,-128,35,-11,-28,0,-2,1,-103,22,-33,6,-17,-1,-39,irving park,24.883333399999998
16,2014,-33,-31,4,-115,-49,-2,6,-1,31,1,-132,-164,-45,4,12,1,-66,irving park,15.591666599999996
16,2015,41,30,9,21,0,3,-8,6,9,-1,8,45,-9,1,-5,-1,-3,irving park,12.566666700000013
16,2016,-20,19,-8,17,25,6,12,-2,73,1,3,-108,-55,-2,1,0,5,irving park,11.258333300000004
16,2017,-69,-22,-3,-3,4,-5,3,-3,7,-1,-7,153,-34,-5,9,-1,-18,irving park,7.316666699999985
16,2018,39,1,3,0,-17,13,-14,-2,-50,2,-53,-29,11,-1,-13,1,-20,irving park,-12.150000000000006
17,2012,-34,-42,-2,-51,3,2,-5,1,0,1,29,-23,-8,-1,8,0,-57,dunning,16.234848499999984
17,2013,16,0,1,3,-8,4,-2,0,-9,-1,-28,-49,22,-3,-11,1,-41,dunning,13.800000000000011
17,2014,5,-11,-3,-74,-8,-3,8,2,21,-2,-48,-105,-12,10,2,0,-42,dunning,10.433333299999987
17,2015,-14,6,3,-4,10,3,-8,-3,22,3,15,14,-11,-4,3,0,54,dunning,17.166666700000007
17,2016,-3,29,6,67,23,-3,17,1,12,0,-4,17,-33,0,-2,-1,-16,dunning,6.53333330000001
17,2017,18,-25,-8,-76,-24,6,-19,-1,0,-3,-14,-31,-18,-1,-3,1,-33,dunning,-0.8333333000000209
17,2018,8,11,5,20,-7,-5,-3,0,-21,-1,8,-5,-3,-3,6,-1,-21,dunning,3.75
19,2012,42,7,5,-260,-86,-24,-15,5,22,2,-96,17,-37,-13,-4,6,-58,belmont cragin,-2.5090909100000047
19,2013,-105,-69,-14,-4,-41,-7,-36,-3,30,1,-104,-44,-110,7,8,-42,-107,belmont cragin,35.26666667
19,2014,-83,19,4,-154,-15,-9,13,0,21,5,-122,-265,-40,12,-11,25,-90,belmont cragin,-4.9833333400000015
19,2015,37,33,-3,-47,2,10,2,4,-26,-3,-4,-95,6,-7,8,-30,-41,belmont cragin,30.349999969999985
19,2016,-57,-17,2,71,38,14,-2,-1,72,0,-3,141,-228,-1,-7,-26,18,belmont cragin,7.883333400000026
19,2017,-69,-18,-8,-1,-16,-11,-7,0,20,-1,151,-95,-19,-11,-2,13,-57,belmont cragin,5.566666599999991
19,2018,40,-6,0,-58,-16,37,-7,3,-33,-2,-177,-46,26,7,5,-11,-23,belmont cragin,19.150000000000006
20,2012,-52,2,1,-47,-22,-5,-4,-1,4,1,33,65,-16,-2,0,-2,-18,hermosa,17.25151514999999
20,2013,8,1,2,-44,-3,5,1,1,4,-2,-79,39,-13,4,1,-3,3,hermosa,11.34166667000001
20,2014,-51,-8,-4,-19,-8,-9,-1,1,9,1,-5,-58,-6,8,1,-1,-20,hermosa,19.224999999999994
20,2015,2,-17,-1,-14,-1,1,3,-3,12,-2,9,3,-47,-9,-1,-1,26,hermosa,21.420833300000012
20,2016,-44,-2,1,16,8,7,-6,6,-7,0,2,-49,-52,-10,1,-1,-28,hermosa,11.908333399999975
20,2017,-4,2,-8,-10,3,2,6,-3,2,0,-6,40,-31,9,3,0,-50,hermosa,2.7750000000000057
20,2018,5,2,4,-33,-11,19,-11,-1,5,2,-31,-50,23,-6,-6,0,15,hermosa,-8.720833399999975
21,2012,17,17,-1,-1,8,-7,13,-1,17,2,-68,-2,-54,-6,0,2,-3,avondale,29.44772727
21,2013,-98,-26,-7,-118,-2,-4,-37,2,1,-4,-105,-26,-75,-9,-5,-3,-59,avondale,36.716666700000005
21,2014,-31,-41,5,-56,-36,1,17,-4,0,2,-95,-42,-8,14,7,2,8,avondale,15.049999999999983
21,2015,-19,9,-4,-45,14,-3,-21,2,6,1,54,3,4,-13,2,-2,-74,avondale,14.550000000000011
21,2016,-4,16,1,34,-5,8,21,1,39,-2,-11,-35,-63,-6,-7,0,55,avondale,23.108333299999998
21,2017,-13,-6,6,-6,25,-4,-11,-1,26,-1,-52,72,-6,6,5,-1,-2,avondale,8.708333300000021
21,2018,10,23,-2,6,-11,14,8,4,-29,1,18,-4,-3,-5,1,1,-31,avondale,-0.375
22,2012,-106,-21,3,-91,-33,-6,18,0,-10,-2,-18,-115,38,-20,-4,0,-149,logan square,37.7537878
22,2013,-110,-28,-9,-161,-24,-13,-17,2,14,-5,-229,-157,-109,22,0,-4,-81,logan square,31.783333399999975
22,2014,-43,-21,3,-157,-50,6,-32,3,22,3,-122,-208,-53,-17,9,-1,-58,logan square,17.200000000000017
22,2015,-149,-25,6,-74,2,-3,18,1,41,-1,-8,15,-31,4,-5,2,-32,logan square,10.424999999999983
22,2016,13,49,-1,69,55,5,25,-3,135,2,57,243,-52,-5,-6,-3,73,logan square,18.849999999999994
22,2017,-37,21,-4,-40,48,6,-34,0,-23,-2,-67,-68,-34,-21,8,0,-128,logan square,9.90833330000001
22,2018,38,-7,-2,-21,-114,24,6,-1,-15,1,-49,-68,6,8,-2,0,35,logan square,-5.141666699999973
23,2012,-238,-81,-15,3,48,10,6,-3,27,11,-13,68,335,-12,-4,-67,33,humboldt park,26.063636359999997
23,2013,-188,-80,9,-152,-68,-20,-14,-4,-17,-6,-280,-118,159,-4,1,-60,-200,humboldt park,17.891666670000006
23,2014,-133,-20,0,-146,-61,-16,-12,12,101,-4,-13,-353,-320,19,-7,-12,-102,humboldt park,37.98333333000001
23,2015,8,29,2,0,-8,15,-18,-8,-8,-4,-6,-67,-902,-17,13,-30,44,humboldt park,12.375
23,2016,-23,45,-1,41,100,15,-3,11,5,6,82,240,-629,2,-2,-16,79,humboldt park,9.34166669999999
23,2017,-112,53,14,-4,-9,52,20,1,40,-3,-16,-65,134,2,5,-56,-27,humboldt park,25.058333299999987
23,2018,53,-41,-24,-51,-59,84,-9,-9,-72,-3,-112,-159,562,-23,-11,-3,-188,humboldt park,-7.149999999999977
24,2012,-78,-63,3,-27,13,-10,43,3,-25,6,7,-118,-35,13,12,-23,-146,west town,28.030303099999998
24,2013,-151,-103,-1,-110,-72,-16,-91,2,17,-4,-113,-287,-196,-18,-24,-3,-217,west town,26.183333300000015
24,2014,-95,-19,0,-97,-53,-14,26,-3,72,-3,-205,-215,-112,13,1,2,-115,west town,13.098333300000036
24,2015,-62,-36,-3,-213,-26,22,-36,0,30,-1,48,-19,29,-21,8,-6,16,west town,3.693333399999972
24,2016,39,92,5,88,153,-12,66,5,93,2,53,572,-117,-2,-6,-1,179,west town,22.486666599999978
24,2017,-19,45,17,92,38,22,-11,-3,101,-1,19,-110,-13,20,-2,-2,-144,west town,4.068333400000029
24,2018,-89,4,1,-152,-138,0,-9,1,-32,0,-153,-331,-19,-17,16,2,-95,west town,-8.116666699999996
25,2012,192,6,-5,-330,-117,-43,-101,6,-19,5,10,110,-858,-4,4,93,-142,austin,8.80984849
25,2013,-233,-122,-26,-372,-228,17,20,-5,15,-4,-193,-21,212,-17,-10,-44,-173,austin,8.875
25,2014,-348,7,15,-133,13,-29,112,6,234,0,7,-746,-700,15,-16,205,-149,austin,5.49166666
25,2015,-85,-51,22,-116,13,46,-111,13,91,-9,15,-335,-854,11,6,-169,120,austin,6.75
25,2016,118,140,-8,20,85,67,-37,38,-93,-3,135,135,-1395,-2,11,26,278,austin,14.899999999999991
25,2017,-336,-38,-1,23,-25,112,-52,-6,64,6,-60,-165,-416,-27,-6,-178,-152,austin,15.308333340000004
25,2018,30,26,20,-26,-51,-19,47,-26,-93,0,-69,158,-98,20,16,38,-250,austin,9.183333329999996
26,2012,-71,-28,9,84,-4,-18,0,-4,236,-5,25,96,5,-1,0,41,49,west garfield park,-1.0962121200000006
26,2013,-87,-26,-8,-116,-91,10,5,4,-112,-2,-92,-101,694,10,-1,-111,-54,west garfield park,6.491666670000001
26,2014,-110,-13,5,-32,16,-1,13,5,-65,1,-48,-136,-158,-7,0,60,-53,west garfield park,-0.9666666700000022
26,2015,28,31,2,-25,53,9,-21,-5,-108,1,18,-99,-110,3,2,34,26,west garfield park,10.041666670000001
26,2016,101,4,11,21,55,43,10,14,7,1,57,82,-670,2,1,-49,102,west garfield park,0.05000000000000071
26,2017,-17,72,-13,2,-41,17,59,-15,13,2,2,-4,-425,-5,0,-29,-8,west garfield park,10.866666669999997
26,2018,12,-6,11,3,4,10,40,12,-4,-5,-41,47,87,5,-3,48,53,west garfield park,6.125
27,2012,-47,-16,-4,-67,47,2,-45,-3,91,-1,-74,-134,55,-3,1,-8,-6,east garfield park,5.2757575800000005
27,2013,-69,5,5,-43,-92,6,23,2,-25,1,-55,-55,309,18,-2,-14,-46,east garfield park,5.158333330000001
27,2014,-4,-11,5,-16,-26,-24,-10,0,-10,-5,-49,-112,-83,-9,13,2,-66,east garfield park,10.458333329999999
27,2015,-103,-2,4,-27,5,26,-5,7,-26,-1,-28,-93,-120,3,-11,-57,38,east garfield park,13.125
27,2016,127,43,-5,-25,1,57,0,12,4,2,53,52,-743,0,3,-10,54,east garfield park,17.53333334
27,2017,-60,-55,0,8,19,-23,81,-8,3,1,-15,-55,-107,3,-4,6,-66,east garfield park,4.25
27,2018,25,58,-3,-1,47,44,-75,1,-33,1,-29,125,-45,-2,3,-8,48,east garfield park,-2.1916666700000036
28,2012,-17,17,-5,-31,-34,20,26,5,45,-1,-35,-47,-87,2,-2,-13,15,near west side,16.443560600000012
28,2013,-147,-53,1,-116,-53,-12,29,-10,70,2,-129,-328,2,52,6,-6,-203,near west side,27.849999999999994
28,2014,58,-6,-2,-26,-21,-10,-51,2,17,-3,-67,-226,-133,-5,-14,-12,-42,near west side,15.008333399999998
28,2015,-66,21,10,46,-1,-3,-73,4,75,-1,2,-136,-7,-43,3,9,176,near west side,21.38749999999999
28,2016,105,47,25,-5,78,9,-13,2,140,2,-1,959,-124,31,22,-12,209,near west side,5.037499999999994
28,2017,-58,71,-3,28,104,19,-25,2,-9,-1,80,-317,-36,-46,-26,-1,-131,near west side,10.766666600000036
28,2018,104,68,0,-26,-114,5,50,-6,60,0,-43,258,4,7,16,1,-73,near west side,0.16249999999999432
29,2012,85,53,-10,10,-20,16,-33,3,28,2,-121,-17,239,5,-9,9,99,north lawndale,1.7696969699999983
29,2013,-312,-92,10,-102,-62,-8,104,-3,45,0,-155,-185,429,-5,3,-13,-250,north lawndale,3.3666666700000007
29,2014,-131,-17,-9,-45,10,-19,-42,-5,52,-1,12,-139,-670,20,-9,-11,16,north lawndale,2.0500000000000007
29,2015,75,1,-8,-79,-4,44,8,12,1,3,22,-156,-348,-13,20,-5,59,north lawndale,4.725000000000001
29,2016,263,129,9,-7,59,53,-18,10,36,-5,95,41,-567,-5,-13,17,187,north lawndale,11.708333330000002
29,2017,-156,-22,9,-29,-58,141,107,10,-54,3,16,11,461,11,0,-2,-177,north lawndale,13.233333339999994
29,2018,-87,36,-3,30,-16,-37,-30,-11,15,-1,-54,32,455,3,7,2,29,north lawndale,10.61666666
30,2012,53,5,5,-6,17,6,-16,-2,2,-2,-189,43,-33,16,13,-36,17,south lawndale,4.481060600000003
30,2013,-197,-26,6,-59,-19,-6,15,-3,4,7,-129,-89,-89,-15,-16,31,-61,south lawndale,8.524999999999999
30,2014,-7,-35,-13,-12,-59,9,-14,4,35,-8,-32,-50,3,11,9,-44,-64,south lawndale,8.416666669999998
30,2015,18,-17,6,-63,21,21,-15,-1,12,1,-16,-128,-112,-2,-6,-7,-2,south lawndale,8.024999999999999
30,2016,70,102,3,17,37,-11,14,5,65,-1,38,76,-183,-5,14,0,4,south lawndale,7.866666670000001
30,2017,-141,-14,5,-2,-32,67,0,-11,-94,-1,1,75,16,14,-9,3,0,south lawndale,22.174999999999997
30,2018,50,-21,-1,-16,-15,19,19,1,34,4,2,-56,93,-4,2,-2,-44,south lawndale,10.583333330000002
31,2012,-35,30,3,-90,0,-1,-10,5,-6,-1,35,-2,-24,-4,-2,-2,-51,lower west side,8.09242424
31,2013,-26,-44,-2,20,-12,1,15,-1,11,2,-75,46,-52,5,4,0,-54,lower west side,20.99999996999999
31,2014,-61,-11,-1,-33,-19,-16,1,-4,14,-3,-83,-43,-36,-7,2,-1,-11,lower west side,-0.4416665999999765
31,2015,15,17,6,-35,16,17,-23,2,-2,0,-8,-138,-62,-7,2,2,17,lower west side,54.624999999999986
31,2016,23,17,-3,49,23,-8,-21,7,55,3,-53,48,-48,5,-9,-2,4,lower west side,20.69166660000002
31,2017,45,6,6,65,27,16,36,-4,-37,-2,-1,-68,-43,6,7,0,-26,lower west side,22.125
31,2018,-87,-4,0,-83,-18,6,-8,-6,14,-1,-11,42,19,-8,-2,0,-74,lower west side,-0.28333330000000956
32,2012,41,13,15,25,-39,2,4,-1,190,-2,-63,172,-73,9,-5,-14,-14,loop,30.80252519999999
32,2013,33,9,-12,-26,-5,-1,16,0,147,-1,14,-177,1,-5,9,6,2,loop,12.63055559999998
32,2014,15,-30,4,-8,-38,-2,-69,1,-12,0,-10,-247,-64,1,-9,-19,32,loop,6.616666599999974
32,2015,78,24,-10,6,36,-1,-32,1,-175,-1,5,313,-30,3,9,5,30,loop,2.7833334000000036
32,2016,65,51,28,45,116,6,-53,0,394,4,22,735,-32,-6,2,-15,44,loop,17.383333300000004
32,2017,135,107,1,-25,77,-1,-10,-2,184,0,52,1098,-14,-3,-3,17,24,loop,-10.052777799999944
32,2018,104,19,5,-31,-70,8,44,4,142,-2,-25,-92,21,0,8,-22,58,loop,-12.733333300000027
33,2012,17,30,2,3,12,-6,7,1,-13,0,-5,49,11,5,5,3,8,near south side,30.017234899999977
33,2013,-3,-36,0,-49,-26,2,45,0,38,0,-6,-45,-18,0,-1,-2,19,near south side,23.870833300000044
33,2014,36,6,2,16,1,1,-16,-1,33,-2,-2,-45,3,-2,2,6,-48,near south side,3.783333299999981
33,2015,19,3,-2,-1,18,3,-17,2,47,0,-6,-27,-3,6,7,-5,55,near south side,1.2041666999999734
33,2016,-19,33,7,-8,-8,-5,-13,2,62,2,9,43,-9,-3,-9,-2,-13,near south side,15.67708330000005
33,2017,28,-23,-5,14,43,5,-12,-4,10,-2,26,-98,-6,-1,11,6,-15,near south side,1.162499999999966
33,2018,-11,28,3,-29,-44,4,-32,3,-43,1,-18,34,1,-6,-6,-6,35,near south side,-6.4583332999999925
35,2012,-5,-2,-5,-2,-6,1,53,0,20,4,-12,22,-17,4,6,1,10,douglas,33.32878788
35,2013,-8,-6,7,-17,-8,-3,-2,4,34,-5,-16,58,39,1,0,-1,-25,douglas,-4.408333330000005
35,2014,-43,1,-3,-24,17,8,25,-1,42,2,14,-189,-68,-4,-1,0,-17,douglas,11.15833330000001
35,2015,-10,-25,-1,5,-47,0,-64,0,21,0,-22,82,-51,0,0,1,56,douglas,23.899999999999977
35,2016,-29,23,4,-7,89,1,-6,1,-14,0,-9,63,-36,-2,5,-1,13,douglas,30.741666700000025
35,2017,65,1,3,25,-21,-4,20,-1,18,0,-5,14,-29,4,-5,0,-48,douglas,4.666666699999979
35,2018,37,34,-2,-20,-44,2,-22,4,-24,0,9,11,-8,-1,-2,0,31,douglas,-31.974999999999966
36,2012,-34,-12,3,-5,3,1,3,-1,5,-1,-11,12,-15,9,3,0,18,oakland,-10.664393970000006
36,2013,-23,5,-4,-15,-5,-3,42,-1,12,0,1,-42,19,-11,-5,0,-30,oakland,10.516666670000006
36,2014,3,4,1,2,2,1,-33,0,3,0,11,-7,-29,-4,1,0,10,oakland,40.04166669999998
36,2015,-29,-6,3,-8,3,-2,-23,3,9,0,2,27,0,4,1,0,-5,oakland,-12.158333400000004
36,2016,8,2,-2,12,-4,6,-2,1,-6,2,1,50,-13,-2,-1,0,9,oakland,12.441666700000013
36,2017,3,6,1,-8,4,-8,6,-4,6,-1,-3,-46,-6,-3,4,0,20,oakland,22.03333330000001
36,2018,8,4,0,-7,-7,1,-9,1,14,-1,-10,-10,3,5,-4,0,-14,oakland,34.98333339999999
37,2012,-13,9,-3,-27,-14,0,-5,0,110,0,-6,-3,-10,-1,1,0,-8,fuller park,-7.296212120000002
37,2013,14,-9,0,-2,-33,-7,6,-1,-89,1,-13,-49,44,4,-4,0,-8,fuller park,10.241666669999999
37,2014,-28,-16,4,-4,-3,-5,2,1,-4,0,-14,-27,-55,12,1,1,-14,fuller park,3.9083333300000014
37,2015,8,0,-1,0,-2,11,-21,2,-17,0,-5,-18,-40,-15,2,-1,7,fuller park,14.56666667
37,2016,2,39,5,-11,4,-9,9,2,2,-1,14,81,-37,4,0,0,6,fuller park,-7.516666669999999
37,2017,-14,-10,-7,1,4,10,-2,-3,-2,0,0,-29,-2,-3,0,0,-3,fuller park,24.950000000000003
37,2018,21,-13,3,-10,-25,-2,13,0,-6,1,9,-49,-1,-7,0,0,1,fuller park,5.324999999999996
38,2012,-46,-68,3,-42,12,-11,-55,0,31,-2,-76,-76,-133,9,7,-42,-129,grand boulevard,8.186363639999996
38,2013,-85,4,-6,21,-8,7,2,-1,16,0,-15,-10,44,0,-7,14,-82,grand boulevard,7.025000000000006
38,2014,-85,-33,-4,-39,-31,0,-1,1,35,0,-33,-52,-196,-5,3,-25,-1,grand boulevard,7.183333329999996
38,2015,-57,-62,4,-48,-17,-7,-15,-1,9,2,12,44,-174,-7,3,1,26,grand boulevard,22.166666669999998
38,2016,-6,42,9,18,30,8,-9,2,14,-3,3,31,-83,10,1,-9,63,grand boulevard,17.658333299999995
38,2017,78,22,-11,26,3,15,14,1,10,-1,21,-83,42,-12,-6,24,-50,grand boulevard,15.941666700000013
38,2018,18,-4,2,-47,-39,-15,-17,1,10,2,-17,-35,-16,12,4,-8,-19,grand boulevard,2.375
39,2012,-77,-9,1,-37,-4,-1,18,0,-6,0,4,-37,-55,-8,0,-1,-64,kenwood,7.1674242400000026
39,2013,-47,-29,-2,-41,-30,-3,-9,-2,25,0,-12,-62,35,6,2,-1,-20,kenwood,9.608333340000001
39,2014,-21,-11,-2,6,33,-1,-5,0,43,-1,-3,-38,-18,-2,-3,1,-36,kenwood,12.700000030000012
39,2015,17,1,3,-22,-5,4,-1,4,-10,0,6,-104,-36,0,4,-1,8,kenwood,8.66666659999997
39,2016,18,25,5,27,-2,-9,-3,-2,7,0,-17,32,-47,-6,0,0,19,kenwood,8.633333400000026
39,2017,-16,12,-1,-29,22,4,3,1,7,2,10,67,-3,5,0,0,13,kenwood,5.808333299999987
39,2018,8,-8,-2,1,-41,-3,10,-3,0,-2,4,-36,4,-4,-1,0,6,kenwood,-14.575000000000003
40,2012,-31,-14,-11,-62,-23,-10,-45,4,-2,0,-24,-10,-198,4,-5,-33,-41,washington park,3.3515151499999973
40,2013,-59,1,5,-56,55,-21,-6,-11,7,-2,-55,54,50,2,6,-2,-64,washington park,2.5500000000000007
40,2014,-64,-19,0,-8,-46,-11,-12,2,34,0,-20,-94,-131,0,-4,-22,-27,washington park,8.083333340000003
40,2015,-7,8,-4,16,-39,11,-21,0,4,-1,-30,-66,-136,-1,5,-6,107,washington park,-0.2750000000000057
40,2016,-9,-8,0,-28,49,-3,-1,7,9,2,16,25,-57,-8,-6,0,-45,washington park,14.125
40,2017,32,26,6,-40,-8,14,-7,1,-2,2,18,-8,-47,10,0,2,11,washington park,2.9750000000000014
40,2018,-35,26,-4,-38,-63,10,3,-2,-7,-3,-15,38,4,-3,-2,2,131,washington park,-1.291666669999998
41,2012,-8,19,7,-32,-4,1,4,-1,1,-1,-36,-79,-71,13,-4,0,6,hyde park,4.312121199999979
41,2013,-34,-26,0,7,-23,0,6,2,-21,-1,-13,-46,-9,-16,-5,1,-73,hyde park,-1.7666666999999734
41,2014,-19,-34,-6,-31,1,-1,-25,1,37,0,-18,-118,-17,-3,6,-1,-14,hyde park,10.041666699999979
41,2015,22,19,6,-25,14,-1,7,-3,1,0,25,-14,-2,5,3,0,21,hyde park,7.224999999999994
41,2016,-26,-6,-6,80,2,2,10,2,51,0,-14,85,-6,-2,-5,0,59,hyde park,17.683333300000015
41,2017,41,24,15,-63,4,0,-19,-1,-7,0,-9,51,-2,4,0,0,-81,hyde park,2.75
41,2018,4,6,-2,0,13,1,10,3,16,1,0,38,3,2,0,0,153,hyde park,9.833333300000021
42,2012,-20,17,-13,-72,4,-15,7,6,2,-8,-93,10,-93,-10,-11,35,21,woodlawn,4.119696970000007
42,2013,-112,-64,10,-23,5,-23,-69,-12,6,8,-29,-58,-228,0,-2,-26,-116,woodlawn,8.14166667
42,2014,-115,-16,-3,-40,-49,-11,-34,-4,54,-4,-17,-148,-141,-9,7,10,-47,woodlawn,0.5666666699999965
42,2015,-66,-39,-8,9,-5,17,-34,4,-25,-1,20,-66,-155,5,-3,-29,40,woodlawn,18.083333329999995
42,2016,-5,16,8,18,25,-35,7,1,19,2,11,10,-109,0,4,-6,-34,woodlawn,24.5
42,2017,48,52,0,19,10,27,-11,5,-16,-1,-8,23,-24,6,-9,-1,88,woodlawn,21.141666700000016
42,2018,-70,-29,10,-142,-79,5,13,-3,10,2,-17,-52,47,2,1,-1,-66,woodlawn,14.683333300000001
43,2012,-140,41,-15,-230,21,9,17,3,10,0,-230,-2,-44,-17,3,36,148,south shore,-2.88181818
43,2013,-210,-82,-3,-193,-153,-8,-41,7,8,-1,-57,-70,-200,19,-6,-42,-37,south shore,4.2916666700000015
43,2014,-168,-63,13,-356,-72,-11,32,-11,88,0,-63,-332,-99,-3,7,-20,-274,south shore,2.349999999999998
43,2015,35,2,-10,56,-38,-17,-64,3,41,2,-10,-28,-191,4,-2,-1,33,south shore,7.8916666599999985
43,2016,-69,91,2,-161,119,3,-15,5,-47,-5,38,-210,-391,-24,-3,-20,-55,south shore,11.350000000000001
43,2017,166,37,10,-18,5,63,29,10,63,5,12,72,-27,22,-1,2,14,south shore,7.408333339999999
43,2018,-131,16,-6,-56,-170,4,13,-8,-38,-2,-24,146,97,-4,8,-3,64,south shore,3.5083333299999993
44,2012,44,10,0,-179,53,30,10,-2,89,-1,-166,72,-31,8,-6,-21,78,chatham,4.788636359999998
44,2013,33,11,-13,41,-63,-26,-13,-2,54,-3,-48,20,-12,-8,1,15,-74,chatham,4.341666670000002
44,2014,-153,-62,1,-78,-122,11,4,1,-41,5,-68,-123,-174,1,-3,-23,-30,chatham,2.033333329999998
44,2015,103,40,-10,-26,-12,2,-39,9,-25,0,-46,-178,-94,-4,7,16,-45,chatham,5.966666670000002
44,2016,58,27,3,25,44,-39,33,-4,-1,4,67,22,-158,14,-2,-22,144,chatham,12.375000000000007
44,2017,-54,69,17,-62,-24,46,73,-5,18,-8,-4,128,-57,3,0,0,-31,chatham,3.583333329999988
44,2018,60,20,-3,-62,-53,59,-46,1,-19,-3,-46,97,85,-10,4,0,22,chatham,3.2416666700000007
45,2012,-7,-22,-1,-28,-21,4,-16,-3,7,0,-29,-25,4,-4,0,0,3,avalon park,0.821969689999996
45,2013,-46,-2,-1,-5,-34,7,4,5,-6,-2,-13,-77,11,3,-3,2,-16,avalon park,8.975000000000001
45,2014,-8,-16,6,-51,9,-11,7,-4,2,1,-15,-48,27,-1,1,-2,-30,avalon park,7.100000000000001
45,2015,-12,12,-3,13,-25,10,-6,1,-2,0,-2,-97,-27,4,-1,0,13,avalon park,11.391666669999992
45,2016,3,-3,-2,0,0,3,2,4,10,0,-6,-33,-38,-1,0,0,-2,avalon park,5.166666670000012
45,2017,4,-3,0,-11,0,-8,2,-2,-5,0,5,44,-38,-2,7,0,-7,avalon park,6.224999999999994
45,2018,-29,2,0,-19,-28,15,-1,0,-15,-1,-11,-43,14,0,-2,0,4,avalon park,3.6833333299999964
46,2012,-70,21,-12,-66,-10,-6,-32,10,28,-4,-77,-99,-38,-1,-1,6,128,south chicago,0.7143939400000008
46,2013,-168,-131,14,-42,-33,-46,-6,0,10,1,-26,-95,-69,6,2,1,-157,south chicago,1.2083333299999985
46,2014,-139,-20,-3,-233,-68,28,23,0,1,-3,-63,-116,101,3,-5,-3,-132,south chicago,6.43333333
46,2015,61,-22,-4,-1,-5,-13,4,-2,6,5,4,-21,-216,6,-5,-12,14,south chicago,14.075
46,2016,-37,98,2,-6,43,-19,-21,7,19,-1,21,-62,-226,-7,2,-3,12,south chicago,-4.625
46,2017,-44,-92,1,-61,-47,32,1,1,-5,-2,20,11,-49,-1,0,2,5,south chicago,17.99166667
46,2018,-45,17,3,7,-29,17,8,-14,-31,3,-7,-52,9,5,2,-3,-97,south chicago,-5.091666669999995
47,2012,-6,5,1,31,-2,6,2,0,9,-1,-7,30,-2,-2,1,-1,16,burnside,-4.437121219999998
47,2013,-6,-16,-1,-25,4,-4,1,0,-3,1,-4,9,-4,0,1,0,-18,burnside,7.658333339999999
47,2014,-5,7,0,-35,-1,-1,-4,2,1,-1,-9,-22,19,-1,-2,0,-11,burnside,7.691666659999999
47,2015,-5,4,1,-5,0,5,6,0,10,0,11,-23,-38,1,1,0,12,burnside,8.25
47,2016,17,3,3,4,-4,-4,-3,-3,-1,0,-7,-4,-5,-1,-1,0,18,burnside,-3.908333329999998
47,2017,-5,-1,-2,3,-6,20,-5,1,-5,0,-2,-15,4,0,0,0,-19,burnside,7.225000000000001
47,2018,-14,1,-1,-8,17,-2,4,0,-3,0,-1,24,11,-1,0,0,-4,burnside,45.77499999999999
48,2012,-24,-14,3,-109,15,5,-9,4,-17,-2,-55,17,-39,-11,-1,0,-39,calumet heights,0.9090909100000033
48,2013,8,9,4,-42,-45,-9,0,-6,-4,1,-18,-160,-6,9,0,0,-65,calumet heights,5.041666669999998
48,2014,-25,-2,-5,-34,-14,-4,-2,1,12,-1,5,2,29,2,-1,0,-1,calumet heights,6.541666660000004
48,2015,-3,20,2,22,1,-2,0,1,6,2,-28,-117,-20,-2,6,0,13,calumet heights,14.94166666999999
48,2016,-6,-5,-4,-5,-1,-9,-11,-1,30,-1,20,-12,-41,3,-8,0,-24,calumet heights,-0.6083333299999936
48,2017,-23,-7,1,-7,6,12,15,2,-34,-1,1,-28,-1,-10,6,0,26,calumet heights,13.724999999999994
48,2018,52,36,4,-20,-25,24,-13,-2,5,-1,-2,-8,6,5,-3,0,-49,calumet heights,-6.341666669999995
49,2012,-165,-2,-8,-227,45,11,-51,1,93,-2,-280,-118,-176,-11,5,57,45,roseland,3.344696970000001
49,2013,-214,-36,4,-72,-33,-55,1,0,-80,0,-62,-64,-90,1,-5,-30,-127,roseland,2.2749999999999986
49,2014,-131,-41,-5,-113,-104,32,-5,-3,47,5,-87,-157,-197,1,2,-31,-36,roseland,0.9916666700000007
49,2015,-12,-7,0,35,-66,-3,-58,5,21,-4,23,-246,-283,5,-3,-27,-73,roseland,5.69166667
49,2016,63,52,12,-22,85,-17,53,14,-43,-2,19,23,-140,0,2,-26,85,roseland,6.566666660000003
49,2017,-49,9,-9,-49,-21,47,-14,4,49,4,-8,24,-80,11,-7,31,40,roseland,13.39166667
49,2018,17,39,-1,-106,-76,42,33,-14,-52,0,-28,5,37,-10,16,17,-34,roseland,3.0749999999999957
50,2012,5,-15,3,-19,1,11,9,1,1,2,10,-4,34,4,9,1,26,pullman,3.58712122
50,2013,-18,-24,-2,-16,6,-3,-9,-4,-2,-1,-28,44,-32,-2,-4,-1,-38,pullman,-2.166666669999998
50,2014,-7,41,1,-10,-6,-2,-3,1,17,1,-14,54,3,4,2,0,14,pullman,0.2749999999999986
50,2015,-16,-38,-3,-12,-15,-4,-3,-1,-10,2,3,-72,0,-2,-4,0,-12,pullman,2.458333330000002
50,2016,20,17,5,18,20,-2,-11,2,16,-2,9,31,-20,-1,2,0,43,pullman,21.674999999999997
50,2017,-66,-14,-4,-1,-11,23,1,-1,-26,1,4,15,1,4,-2,1,-50,pullman,-4.808333329999996
50,2018,61,12,1,-12,-5,-7,9,2,17,-2,-8,31,-5,6,1,-1,-14,pullman,-17.508333330000006
51,2012,-15,0,4,-13,-14,1,10,7,-16,2,-39,-56,-62,-8,-1,1,53,south deering,-2.4916666700000007
51,2013,-52,-41,-7,5,-2,-19,3,-6,16,-1,-9,66,-3,3,5,-1,-70,south deering,4.81666667
51,2014,-42,-25,4,-35,2,20,17,1,28,1,9,-3,69,4,4,2,-27,south deering,-5.074999999999999
51,2015,-7,34,0,-21,-23,-14,-13,-4,2,-2,-25,-85,-99,8,-7,0,-56,south deering,4.616666670000001
51,2016,-8,8,-7,-38,5,-5,-23,2,4,3,20,7,-45,-15,2,-2,55,south deering,24.508333329999996
51,2017,-6,-16,0,-9,-15,25,-19,4,-13,0,-5,-2,-4,13,-4,0,-55,south deering,2.200000000000003
51,2018,9,-11,7,-17,5,-6,18,-3,-3,-3,-4,37,-5,-12,4,0,-30,south deering,11.558333329999996
52,2012,-36,21,5,-44,8,-13,10,0,-3,1,23,11,-79,-16,2,0,-16,east side,0.8696969699999997
52,2013,-55,-56,-6,-50,-1,7,-7,1,-11,-1,-23,-10,31,34,1,0,-88,east side,9.058333340000004
52,2014,-11,-6,-1,4,-9,-6,5,1,10,0,-31,-31,5,-30,5,0,-23,east side,-5.6083333400000015
52,2015,13,24,0,-27,13,9,-3,-1,5,1,-13,-50,-36,7,-6,0,3,east side,17.199999999999996
52,2016,36,0,-3,3,-8,-3,2,1,13,-3,21,38,-68,4,4,0,-6,east side,11.916666669999998
52,2017,-32,-19,5,-11,-6,13,-3,7,-12,1,-6,-33,-8,-11,-4,0,1,east side,-2.583333329999988
52,2018,11,4,1,-8,12,0,7,-7,-25,1,18,-40,1,-4,1,0,-69,east side,1.1833333299999964
53,2012,-39,-47,-10,-69,-61,-4,-1,7,-27,-1,-108,132,-9,-21,6,30,92,west pullman,1.0060605999999979
53,2013,-23,-37,-11,-23,-37,-13,-20,4,-12,-1,-75,-126,-106,6,-3,15,-165,west pullman,1.19166667
53,2014,-157,-41,3,-132,7,-9,-10,-12,49,1,-74,-69,-177,5,5,-41,-79,west pullman,2.9250000000000007
53,2015,-43,-28,-6,-79,-26,4,-40,8,0,2,-7,-59,-135,0,-6,-17,39,west pullman,5.9583333299999985
53,2016,-10,32,14,4,2,-2,23,-5,20,-2,28,-110,-140,-2,3,-4,44,west pullman,3.5083333400000036
53,2017,35,39,-13,-35,0,19,20,0,-4,-1,-25,40,-22,0,-2,6,-12,west pullman,15.658333329999998
53,2018,-51,-6,1,33,-32,50,-1,16,3,0,-17,46,19,15,-6,0,-52,west pullman,-1.0083333299999993
55,2012,35,-17,3,-21,1,1,5,0,1,0,-14,-54,-7,-4,0,0,1,hegewisch,-4.584848490000013
55,2013,-27,-9,-2,-15,-2,-3,-1,0,5,0,16,17,9,3,2,0,-20,hegewisch,-6.316666659999996
55,2014,-13,10,-2,0,-2,1,-2,-1,11,0,-29,-7,-17,-3,-2,0,-34,hegewisch,16.058333329999996
55,2015,-5,-16,0,-15,4,-5,-12,0,10,0,-1,-46,-11,3,0,0,-7,hegewisch,1.3583333300000078
55,2016,36,17,0,13,-5,2,4,0,-6,0,5,5,-13,-2,2,0,24,hegewisch,23.958333370000005
55,2017,-14,5,2,10,5,5,3,1,-5,3,16,18,-2,14,-2,0,21,hegewisch,-2.8500000000000085
55,2018,4,-8,-1,20,1,11,-5,0,-7,-3,-21,-20,6,-10,2,0,-30,hegewisch,-10.941666699999999
56,2012,41,3,6,-85,13,6,-7,1,16,1,-4,32,24,-4,-3,-44,-73,garfield ridge,7.3477273000000025
56,2013,-75,-13,-8,-31,-4,-3,-13,1,-49,1,-11,-60,-30,2,4,-37,5,garfield ridge,19.599999999999994
56,2014,-36,-23,7,-39,-5,0,14,-1,18,-3,-22,-73,-45,10,-8,51,-40,garfield ridge,14.708333300000021
56,2015,3,30,2,-18,-10,6,-14,3,34,1,4,-11,-51,-16,2,-39,20,garfield ridge,3.6750000000000114
56,2016,35,1,-1,41,17,-11,9,-1,62,-1,37,100,-65,10,0,-9,22,garfield ridge,13.375
56,2017,16,-12,-7,-32,8,10,9,2,-22,0,17,-111,4,-4,2,-9,-68,garfield ridge,-2.0
56,2018,-31,2,5,-6,-25,4,-17,-3,-5,-1,-31,111,10,-2,-1,90,42,garfield ridge,19.43333339999998
57,2012,32,1,-3,-24,14,-6,-8,2,-1,5,-20,-17,8,7,0,-34,-36,archer heights,19.22878784999999
57,2013,-32,-1,-1,-24,-15,6,2,-1,5,-6,-7,105,-3,-7,2,-8,-24,archer heights,1.6833334000000235
57,2014,-35,-2,6,-19,-19,-1,2,-1,9,1,22,-98,-10,10,-1,3,-5,archer heights,5.125
57,2015,59,21,-3,-2,10,0,2,1,0,4,-59,-40,-12,-7,0,-6,-31,archer heights,1.5499999999999972
57,2016,-40,-9,-1,-8,-18,2,3,3,5,-5,17,-4,-10,-6,-1,-4,-29,archer heights,9.25
57,2017,1,-9,-2,29,5,-8,8,-1,15,3,-19,-35,-13,4,0,0,0,archer heights,17.266666600000008
57,2018,6,2,-2,-26,-2,3,-12,-2,-25,-2,-10,18,5,-1,5,4,13,archer heights,9.50833339999997
58,2012,-4,16,6,8,-9,-9,13,-3,15,0,-195,-40,-79,-20,-5,-72,-88,brighton park,1.376515150000003
58,2013,-102,-37,-20,-73,-35,-17,-6,-4,-6,-5,21,-48,63,-3,16,70,-113,brighton park,15.783333339999999
58,2014,41,-5,8,29,-21,14,5,-1,30,5,-131,-34,99,16,-11,-85,70,brighton park,11.166666660000004
58,2015,-15,-8,-5,-107,41,6,-20,3,2,-5,6,-10,-16,14,-8,51,-66,brighton park,7.816666669999989
58,2016,-15,52,7,58,45,-1,1,7,8,0,-16,-79,-149,-20,8,-34,26,brighton park,20.741666700000025
58,2017,-57,-21,-8,-67,-21,0,-1,11,-17,2,-62,-27,-59,-6,-5,-15,-65,brighton park,8.258333299999975
58,2018,-4,-6,8,-24,-37,19,-2,-18,12,-2,34,61,-20,6,-3,-7,-8,brighton park,8.341666700000019
59,2012,4,-25,2,-17,-4,0,-1,2,-4,-1,3,54,-50,-9,-1,1,-45,mckinley park,6.478787799999992
59,2013,-15,6,0,0,1,-10,-1,-1,13,0,-24,-9,10,-1,7,2,-39,mckinley park,-9.366666599999988
59,2014,-20,-9,-4,-19,3,-5,10,-1,-10,0,-38,-87,-8,1,-6,0,-11,mckinley park,12.691666599999976
59,2015,-17,16,3,-21,8,8,-10,0,3,1,13,6,19,0,-1,-1,16,mckinley park,14.48333340000002
59,2016,2,3,-3,20,-9,-1,-2,0,-4,-1,-5,-30,-38,2,-1,-2,10,mckinley park,14.716666599999996
59,2017,-21,6,3,11,15,8,12,3,17,-1,-8,-17,8,-2,-1,3,-21,mckinley park,12.733333399999992
59,2018,9,-6,-3,-1,-21,-1,-4,-3,-18,0,-7,-1,-42,1,5,-3,-23,mckinley park,19.841666600000025
60,2012,-48,-35,8,-26,-20,14,-2,1,-1,-3,-1,112,-51,1,3,3,-74,bridgeport,6.8045455000000175
60,2013,-37,-12,-3,-37,-11,-18,-6,-1,10,-1,-10,-79,27,-1,3,1,-65,bridgeport,14.375
60,2014,-28,10,-1,-2,8,4,-4,-1,16,3,-42,-6,-34,1,-1,1,-16,bridgeport,8.266666699999973
60,2015,-24,-4,4,-24,0,0,-7,1,-1,-3,21,-57,-13,-4,-9,-4,-39,bridgeport,13.341666600000025
60,2016,9,2,-6,-12,31,8,6,-1,51,1,-38,23,-7,-9,3,2,12,bridgeport,10.233333399999992
60,2017,-42,-19,2,20,-18,0,-17,0,-30,2,3,-17,-12,6,8,-3,-63,bridgeport,15.924999999999983
60,2018,23,19,5,-16,-20,5,16,-2,46,-2,2,-67,-6,-2,-10,1,27,bridgeport,-0.4916666999999677
61,2012,-98,8,-10,-119,-7,32,-58,10,0,-3,-155,34,-251,-14,-7,-73,-96,new city,0.4053030299999989
61,2013,-175,-75,9,-164,-42,-54,4,-11,-4,3,-120,78,-192,2,2,-20,-91,new city,6.216666660000001
61,2014,-103,-35,-4,-26,35,-25,-19,2,38,-2,11,-172,-276,-4,-6,-22,-25,new city,4.091666669999999
61,2015,-81,-11,-6,-4,-30,21,-28,2,4,0,-35,-187,45,-12,2,32,-62,new city,9.89166667
61,2016,42,65,16,47,78,2,5,25,3,-1,32,-97,-274,17,10,-31,41,new city,8.791666660000004
61,2017,-57,-23,-11,-111,-49,31,14,-24,-19,-1,10,68,-82,2,-9,0,-53,new city,16.424999999999997
61,2018,-116,25,0,-8,-49,-16,-19,5,15,1,-61,-28,-36,-3,10,-1,-56,new city,-1.4249999999999972
62,2012,-6,-2,-2,-50,-5,-2,5,1,10,-1,6,-33,5,3,0,0,-3,west elsdon,1.3568181800000048
62,2013,-26,-2,-1,-4,-19,-1,1,-1,-1,0,-5,62,-9,-7,1,0,-49,west elsdon,16.5
62,2014,-32,-16,1,-25,-3,0,-4,0,27,0,-25,-134,-29,-2,-1,0,-35,west elsdon,2.7749999999999915
62,2015,10,9,2,-21,9,2,3,3,-8,4,-4,11,3,3,1,1,-12,west elsdon,11.733333299999984
62,2016,9,-7,-4,57,11,2,7,3,1,-3,3,5,-33,2,-5,-1,18,west elsdon,8.083333400000015
62,2017,-7,3,5,-42,3,-4,-12,-5,0,-1,-8,-2,2,-5,4,0,-5,west elsdon,11.808333300000015
62,2018,0,6,-4,9,-36,11,0,1,-3,1,-14,48,5,9,-4,0,-44,west elsdon,-2.2750000000000057
63,2012,-63,-20,3,-42,26,-19,18,0,12,-2,-65,-42,-130,-21,8,-8,-88,gage park,5.65227273
63,2013,-53,-22,-1,-30,-33,-11,-20,2,-5,2,-129,2,-30,1,-2,-10,-60,gage park,7.691666670000004
63,2014,-42,9,-10,-9,-28,-3,0,-4,45,1,-55,-68,-1,-3,-11,3,-16,gage park,13.425000000000004
63,2015,7,7,4,-23,37,2,-13,3,-31,-1,-13,-88,-60,11,3,4,-65,gage park,9.28333332999999
63,2016,22,15,5,19,-7,1,-14,6,15,-2,3,0,-95,2,-6,-8,56,gage park,9.408333330000005
63,2017,-32,-17,-2,-22,50,7,15,-3,-5,2,10,15,-21,-11,4,1,-67,gage park,16.849999969999985
63,2018,-49,4,1,-37,-81,24,3,-8,8,3,-33,-31,6,-5,-5,-1,-20,gage park,0.25
64,2012,3,-27,0,-58,5,-2,-1,0,18,0,4,9,-6,-9,-6,0,-6,clearing,6.324242399999989
64,2013,-54,-13,4,-4,-7,-2,11,1,7,0,3,-31,-8,14,1,0,-35,clearing,15.291666700000007
64,2014,-40,3,-5,-33,-2,-1,-14,1,7,0,-6,16,7,-3,2,0,-64,clearing,7.800000000000011
64,2015,9,-9,8,9,13,3,-2,-2,-6,2,8,-67,-15,3,-1,0,15,clearing,10.349999999999994
64,2016,0,4,-5,14,-1,-2,16,1,21,-2,4,21,-18,-9,-1,0,-24,clearing,15.141666700000002
64,2017,5,-3,0,-24,-10,0,-13,0,-27,-1,-13,-17,6,-1,-4,0,43,clearing,6.816666600000019
64,2018,9,9,-2,-11,0,-1,6,0,24,0,12,35,-6,-5,7,0,-30,clearing,-1.9333333000000152
65,2012,24,-16,-4,-111,-16,0,2,1,15,-5,-9,12,-67,16,-1,0,-86,west lawn,6.293939399999999
65,2013,-54,-26,5,2,7,9,9,1,-10,2,-63,-29,21,-22,1,0,-25,west lawn,12.87500003000001
65,2014,-57,26,-5,-46,-45,-8,-4,-1,13,1,-2,-16,7,-1,2,9,-23,west lawn,9.458333299999993
65,2015,62,-14,-1,-10,9,-4,-2,-1,8,-3,30,-97,-31,17,-7,-9,2,west lawn,7.674999999999997
65,2016,26,10,1,34,36,3,7,5,28,-1,-18,-99,-26,-6,-1,0,74,west lawn,12.449999999999989
65,2017,-49,2,2,-53,-14,8,0,-4,-22,5,-6,-58,12,3,-1,0,-69,west lawn,4.21666669999999
65,2018,29,17,2,29,-37,6,6,-1,-25,-2,-3,-9,-18,-10,3,0,-76,west lawn,-1.7083333999999581
66,2012,-205,-73,12,-277,-35,15,36,4,61,-5,-153,-105,-381,-7,-3,-11,-118,chicago lawn,1.9439393999999979
66,2013,-147,-53,-8,-140,-67,-62,-68,-14,-48,8,-126,-101,-320,7,-1,-22,-129,chicago lawn,7.583333330000002
66,2014,-203,-84,11,-36,-94,8,-34,11,91,-9,-40,-185,-157,-18,-3,-12,-73,chicago lawn,8.274999999999999
66,2015,10,12,-14,-105,-10,-12,-23,-9,-2,-2,42,-179,-35,10,-2,-6,-18,chicago lawn,9.983333329999994
66,2016,21,50,-8,103,43,-10,-14,9,-13,2,-19,-3,-375,-8,4,-15,100,chicago lawn,2.408333340000013
66,2017,-54,3,8,-94,-8,38,14,0,23,-3,-15,29,-16,-4,-5,0,-39,chicago lawn,10.0
66,2018,19,118,-13,-94,0,-15,-32,0,-29,5,20,79,10,4,-2,0,-89,chicago lawn,7.8999999999999915
67,2012,-14,-92,5,-205,23,-39,-51,-9,7,1,-68,-114,-19,5,-5,50,-236,west englewood,-0.04621211999999986
67,2013,-224,-59,-22,-166,16,-52,-8,1,-5,1,-31,-1,-278,-11,-1,-95,-96,west englewood,0.9166666699999997
67,2014,-257,-7,11,-140,-162,33,-80,7,35,0,-84,-432,-71,5,-1,-27,-146,west englewood,-0.19166667000000004
67,2015,-73,-76,-4,-77,-41,-18,-52,-9,40,-4,16,-201,141,20,10,48,36,west englewood,5.758333339999998
67,2016,-19,75,2,104,92,16,30,18,-12,-2,34,-13,-649,-15,-8,-45,31,west englewood,4.066666660000003
67,2017,-29,-1,2,-147,-60,59,-7,-19,6,-1,-61,51,-12,9,3,75,88,west englewood,7.091666669999999
67,2018,36,107,-11,-41,-29,62,55,5,-26,2,21,134,-49,12,-5,-79,-129,west englewood,0.11666667000000075
68,2012,-26,-51,-7,-64,-78,39,-13,-12,40,-7,-56,-14,40,-11,11,25,-60,englewood,0.8492424239999998
68,2013,-75,-23,-3,-258,-15,-43,-1,10,-11,6,-49,-23,-205,9,-12,-99,-122,englewood,0.2916666670000012
68,2014,-297,-29,-2,-18,-48,3,-104,-8,80,-2,-62,-283,-57,-11,-2,-1,-164,englewood,1.5916666700000004
68,2015,-90,-18,-15,-26,-68,16,-25,4,-24,0,39,-175,99,-1,6,36,86,englewood,1.3499999999999996
68,2016,-43,49,-4,-47,18,-20,10,28,-12,1,-40,-134,-403,-4,-6,-102,-50,englewood,4.28333333
68,2017,-97,-30,6,-75,-48,105,-26,-21,-36,1,-11,25,-168,7,6,58,-10,englewood,4.7083333299999985
68,2018,84,20,4,-16,-58,29,-16,4,10,-4,1,72,94,3,-1,-47,12,englewood,2.083333340000003
69,2012,4,-57,-6,-126,12,11,-49,1,130,-4,-166,95,-27,-11,5,7,53,greater grand crossing,2.0522727299999985
69,2013,-154,-39,-1,-100,-109,-52,-21,-6,-40,2,-94,-22,-252,20,-1,-5,-142,greater grand crossing,6.9166666700000015
69,2014,-219,-29,-11,-62,-88,-3,-77,-2,35,2,-77,-237,-198,-4,5,-9,-59,greater grand crossing,2.3833333299999993
69,2015,110,37,12,20,-18,12,-40,6,-59,-2,15,-17,-167,-4,2,2,112,greater grand crossing,0.5916666700000022
69,2016,14,14,-4,-28,82,-28,17,15,-4,0,-14,-30,-190,38,-10,-3,38,greater grand crossing,13.2
69,2017,-39,75,8,-25,12,60,-33,-11,-35,-3,23,-62,-32,-27,13,-1,-49,greater grand crossing,5.408333329999998
69,2018,-40,-4,-6,-53,-151,73,-16,-6,-10,2,-13,-13,79,28,-16,0,-24,greater grand crossing,-4.024999999999999
70,2012,-62,31,-7,-26,-3,4,-4,2,11,-3,-30,-40,-78,-3,-1,-3,-61,ashburn,5.653787879999996
70,2013,-31,-44,4,-3,14,-3,-6,-5,-17,-1,-3,41,13,6,4,-1,65,ashburn,9.724999969999999
70,2014,-13,0,2,-79,-59,-13,-1,5,79,4,-33,-68,3,1,-11,-1,-70,ashburn,10.0
70,2015,29,1,-1,-70,3,3,-1,-1,-39,-4,3,-109,-38,-5,1,0,-43,ashburn,9.633333400000026
70,2016,40,37,2,53,44,-6,-9,4,8,5,159,102,-76,-2,-1,0,65,ashburn,11.51666659999998
70,2017,22,-30,-4,-7,-14,16,-2,-4,24,-6,-87,-94,-11,8,3,0,-7,ashburn,12.43333339999998
70,2018,2,38,0,-65,-11,4,17,-3,-8,2,-81,17,7,2,8,0,-56,ashburn,-7.449999999999989
71,2012,49,-13,8,-217,-46,3,-9,3,-17,-10,-146,-118,-158,-12,-11,-97,55,auburn gresham,-1.554545449999999
71,2013,-146,-56,4,-231,49,-22,-69,0,7,5,-95,129,-276,4,10,45,-135,auburn gresham,3.166666669999998
71,2014,-42,-1,-13,7,-98,-9,-9,-2,121,-3,-16,-195,-258,4,-4,-32,-79,auburn gresham,6.325000000000003
71,2015,-102,54,2,84,-9,21,14,-2,-23,2,20,-290,-80,-13,-6,-4,116,auburn gresham,8.98333333
71,2016,46,2,4,-47,13,-30,-36,16,5,2,-29,80,-375,31,0,-15,101,auburn gresham,2.6499999999999986
71,2017,-45,70,-7,-164,-34,127,50,0,-41,-4,10,53,38,-15,2,1,-129,auburn gresham,9.0
71,2018,-26,7,4,-22,-45,55,-41,-5,35,1,-55,-19,67,-5,-4,-6,-45,auburn gresham,-0.9583333300000021
72,2012,-6,14,4,-29,1,0,-10,1,-6,-3,26,3,-11,-7,-3,0,4,beverly,-1.7121212000000128
72,2013,-4,0,-1,-47,13,-3,-5,-1,-8,2,-40,-63,2,2,2,1,-56,beverly,20.666666700000007
72,2014,-28,-17,0,11,-32,1,-1,-1,30,1,-2,-45,-2,1,3,-1,4,beverly,-0.924999999999983
72,2015,2,8,-1,-15,-4,-1,17,0,6,-1,-1,70,-13,1,-5,0,32,beverly,1.2750000000000057
72,2016,9,-5,0,36,2,5,-11,0,2,-1,23,-79,4,0,5,0,-10,beverly,2.8666666999999677
72,2017,-12,7,0,-34,2,-6,2,0,-11,0,-6,-6,-8,-1,-3,0,-7,beverly,4.791666600000042
72,2018,16,-6,3,-2,-15,1,6,3,4,0,-2,4,2,0,-2,0,-6,beverly,-13.841666600000025
73,2012,15,16,-1,-124,53,-20,8,0,12,0,-50,-20,-14,3,-2,0,-62,washington heights,5.496590909999995
73,2013,-73,8,6,-65,5,17,-11,3,13,2,-76,114,22,7,1,2,-29,washington heights,9.745833330000004
73,2014,-99,-43,-9,-49,-100,-20,29,-2,19,-1,15,-187,-115,-1,1,0,-103,washington heights,5.25833334
73,2015,42,27,10,8,-22,-13,-25,3,50,3,-5,-174,-49,-4,1,-1,78,washington heights,7.6416666599999985
73,2016,-17,-34,-14,2,45,13,15,6,-37,2,20,74,-118,23,-8,-1,55,washington heights,17.754166670000004
73,2017,17,-7,6,15,-13,9,-13,2,-24,-3,-9,44,-62,-7,5,1,-43,washington heights,-5.508333329999999
73,2018,13,42,-1,-25,-46,0,49,-11,45,-2,12,19,13,-12,5,-1,-25,washington heights,5.154166660000001
74,2012,-18,-11,4,-9,1,-2,0,0,-1,3,1,47,-20,-2,-3,0,-9,mount greenwood,-7.531818199999975
74,2013,-11,-11,-4,18,-1,1,-4,0,7,12,-12,-32,-1,-3,2,0,-18,mount greenwood,15.108333300000027
74,2014,-6,15,-2,-3,-5,0,11,0,14,-13,15,-6,2,9,6,0,-4,mount greenwood,8.299999999999983
74,2015,-3,10,6,-16,2,1,-7,0,24,1,-8,-15,-5,-6,-7,0,-32,mount greenwood,12.708333399999987
74,2016,20,-36,-4,11,4,-2,-2,0,-2,-4,-3,5,-1,-5,1,0,20,mount greenwood,1.0166666000000077
74,2017,-16,17,-2,-9,-3,2,8,0,-6,3,10,-4,-8,8,0,0,-15,mount greenwood,3.816666700000013
74,2018,-17,-5,3,4,0,-1,8,1,-4,0,-4,-2,1,-8,-1,0,4,mount greenwood,-1.700000000000017
75,2012,-102,-24,-6,-77,-5,2,-11,0,34,-4,14,-6,-16,22,-7,0,-10,morgan park,-19.618939399999995
75,2013,-4,23,4,-80,-9,-5,-14,1,2,6,-55,-5,5,-6,-1,0,-61,morgan park,12.425000000000004
75,2014,-52,-47,0,-8,-28,-1,15,0,-13,1,-13,-106,-40,1,6,0,-48,morgan park,28.458333339999996
75,2015,-32,29,-2,-14,3,-6,-19,1,49,-6,-5,-38,-40,-12,-10,0,27,morgan park,1.1749999999999972
75,2016,46,-16,-3,11,-9,0,4,-1,7,2,-4,-85,-73,16,2,0,19,morgan park,18.30000003000002
75,2017,6,-2,4,7,11,16,6,-1,-33,-1,13,85,-30,-2,5,0,31,morgan park,-2.0250000000000057
75,2018,5,15,6,-26,-34,0,26,-1,2,1,-1,37,13,8,-4,0,-48,morgan park,-12.141666700000016
76,2012,-16,10,-2,11,0,3,-74,1,9,0,31,21,40,-1,-5,-2,-1,ohare,37.85000000000002
76,2013,-3,0,0,-6,-2,-6,-14,-1,-8,0,-6,-20,24,7,0,4,-12,ohare,6.758333300000004
76,2014,13,2,4,-4,0,7,63,1,2,1,31,-101,-32,-8,-4,4,3,ohare,-21.599999999999994
76,2015,10,12,-1,-2,9,-1,32,0,37,-1,-48,55,-52,3,5,-8,-3,ohare,47.01666669999997
76,2016,2,-2,2,2,-4,-5,-35,-1,88,0,56,31,35,-4,-2,0,8,ohare,-7.324999999999989
76,2017,25,10,-4,-3,-7,5,11,1,6,2,-25,-47,-34,1,0,0,-26,ohare,-11.050000000000011
76,2018,8,-4,2,0,-2,4,-57,-1,-12,-2,-10,83,-74,3,4,0,19,ohare,32.78333330000001
77,2012,-32,18,2,37,-30,-6,8,2,-2,0,-42,3,-40,-2,2,0,45,edgewater,17.743181800000002
77,2013,-92,-24,-6,-98,2,3,12,-3,9,1,-33,-131,-48,8,-6,0,-123,edgewater,21.808333300000015
77,2014,-39,-23,6,-73,-38,-6,-38,0,37,-1,-12,-154,8,-4,4,0,-12,edgewater,13.816666699999985
77,2015,-20,19,3,9,-8,4,21,0,-9,0,17,-30,-53,-5,-8,0,-1,edgewater,9.34166669999999
77,2016,14,-8,11,22,38,2,-23,-1,82,1,2,33,-13,2,4,0,-5,edgewater,5.8666666000000305
77,2017,53,-4,-12,-23,0,-8,38,1,24,-1,-9,168,-12,3,-3,0,23,edgewater,7.808333399999981
77,2018,36,54,9,46,-16,-4,16,-1,-10,0,8,-46,-16,-4,6,0,57,edgewater,-7.0
