community,year,BATTERY,NARCOTICS,MOTOR VEHICLE THEFT,BURGLARY,DECEPTIVE PRACTICE,ASSAULT,CRIMINAL TRESPASS,ROBBERY,CRIMINAL DAMAGE,THEFT,name,price_nx_yr,svr,tree
1,2011,994,475,175,258,192,283,162,251,568,1135,rogers park,69.37272727,116.1676661906087,84.81666667
1,2012,991,485,142,212,159,340,183,202,500,1049,rogers park,94.91666667,74.54183321718226,124.3818182
1,2013,866,362,91,187,189,303,190,136,536,1013,rogers park,113.925,151.93645388843942,84.81666667
1,2014,794,285,117,181,235,263,141,117,385,828,rogers park,135.4,114.189729722085,135.4
1,2015,675,219,113,166,233,238,123,106,446,855,rogers park,145.75,197.960187456759,135.4
1,2016,760,91,112,183,260,234,133,159,403,915,rogers park,149.7333333,174.2890977380295,83.03333333
1,2017,703,68,122,182,270,268,179,168,586,1212,rogers park,160.7416667,357.0310052771958,213.2333333
1,2018,731,63,103,174,226,283,156,144,470,1072,rogers park,164.6,200.07775388100634,213.2333333
2,2011,686,278,236,433,193,204,93,140,626,1045,west ridge,68.59090909,203.56454895735004,37.49090909
2,2012,658,230,201,348,172,254,68,142,544,978,west ridge,84.81666667,101.47821650496842,84.81666667
2,2013,670,216,135,260,176,227,92,151,494,992,west ridge,108.525,133.07134779714323,84.81666667
2,2014,594,177,137,277,208,204,80,113,440,808,west ridge,123.7416667,165.3799449541686,120.03333329999998
2,2015,553,160,123,238,198,168,60,91,434,683,west ridge,124.64166670000002,185.11550174989605,114.03333329999998
2,2016,553,89,165,195,288,203,81,127,463,734,west ridge,128.96666670000002,250.13502998811526,201.4333333
2,2017,589,52,193,193,299,242,125,115,485,915,west ridge,146.33333330000005,317.22209171684443,53.29166667
2,2018,618,52,172,259,284,264,78,133,443,811,west ridge,150.83333330000005,196.69781881083253,150.83333330000005
3,2011,673,697,203,227,268,282,137,145,395,1268,uptown,153.6909091,29.38018943632703,84.81666667
3,2012,736,735,270,217,266,244,137,140,447,1350,uptown,168.08333330000005,87.54553189697542,141.65
3,2013,670,482,190,132,305,277,149,123,368,1142,uptown,180.5666667,179.08832531579463,84.81666667
3,2014,613,524,105,114,272,212,180,105,330,969,uptown,182.1916667,166.91752559182277,129.3
3,2015,674,286,155,119,331,236,143,115,325,886,uptown,199.1583333,171.3962218489607,134.9916667
3,2016,679,116,108,136,357,252,125,144,306,1015,uptown,203.9583333,157.2260192384121,83.03333333
3,2017,663,70,106,160,400,275,118,103,318,968,uptown,213.2333333,213.3478083297661,213.2333333
3,2018,714,66,123,175,389,257,136,106,302,986,uptown,202.5333333,190.92326817940847,77.87916667
4,2011,316,153,143,173,104,100,52,43,298,673,lincoln square,174.3909091,154.90679350918725,127.975
4,2012,354,111,143,214,97,124,49,54,282,703,lincoln square,197.925,120.84433765939973,197.925
4,2013,354,61,99,167,111,111,49,45,306,692,lincoln square,227.45,170.14393843227953,251.8333333
4,2014,327,104,67,123,145,87,39,30,243,512,lincoln square,227.5083333,158.2877072270923,251.8333333
4,2015,289,79,58,89,147,99,51,42,237,504,lincoln square,231.2833333,165.05820002593026,251.8333333
4,2016,296,42,79,117,254,96,57,52,249,531,lincoln square,238.825,227.02268371430472,183.65
4,2017,288,33,86,109,224,125,70,63,200,616,lincoln square,251.3166667,177.12783245642566,200.7666667
4,2018,324,36,77,129,206,113,55,39,205,554,lincoln square,251.8333333,172.40577034805682,251.8333333
5,2011,197,58,112,270,113,73,54,32,230,629,north center,231.2227273,146.8247712376462,251.8333333
5,2012,196,70,123,246,91,68,46,44,211,683,north center,248.5333333,111.19926843060891,160.87916669999996
5,2013,149,42,103,171,88,53,38,41,238,681,north center,253.3041667,152.22845340835482,65.28333333
5,2014,142,32,62,153,120,54,39,24,254,548,north center,265.5083333,190.10202950670936,251.8333333
5,2015,137,39,58,92,136,53,38,43,178,521,north center,285.9375,160.77587800329928,251.8333333
5,2016,121,29,58,109,210,59,38,48,164,474,north center,288.0125,180.0593662048006,142.54166669999995
5,2017,114,19,58,126,186,60,42,52,125,537,north center,275.9125,138.77885196187634,142.54166669999995
5,2018,133,13,41,103,138,62,44,35,124,520,north center,264.6666667,131.01990805528766,251.8333333
6,2011,950,289,341,537,514,234,198,317,714,2919,lake view,220.5272727,220.56525432264533,220.5272727
6,2012,979,301,353,705,443,245,208,346,745,2912,lake view,239.575,-91.6800359566267,220.5272727
6,2013,906,213,302,387,565,201,210,356,616,2680,lake view,252.3583333,375.84145448122507,220.5272727
6,2014,715,168,150,360,512,189,193,234,568,2196,lake view,262.575,478.95301353993926,131.1545455
6,2015,771,128,191,299,529,209,198,195,515,2171,lake view,268.9,562.6501608663085,83.03333333
6,2016,817,71,204,409,762,199,186,270,593,2150,lake view,281.5833333,858.7607205440137,83.03333333
6,2017,759,39,207,319,766,210,170,237,401,2262,lake view,287.6666667,422.1586729218099,53.29166667
6,2018,795,39,210,325,747,257,220,192,425,2320,lake view,279.7333333,582.1498947414067,53.29166667
7,2011,417,99,274,430,328,129,119,150,559,2497,lincoln park,266.8909091,266.77456150679717,266.8909091
7,2012,396,102,259,563,284,135,139,138,540,2239,lincoln park,286.3583333,152.9957983774795,342.7416667
7,2013,390,71,211,297,327,108,110,129,493,2124,lincoln park,311.0,439.2402422335428,342.7416667
7,2014,377,62,137,202,314,119,112,98,446,1984,lincoln park,317.0416667,463.59615921981384,342.7416667
7,2015,340,50,110,213,338,78,86,116,459,1755,lincoln park,321.3583333,487.49630723458466,342.7416667
7,2016,351,29,144,256,519,105,113,134,424,1957,lincoln park,336.2833333000001,619.8713241810175,342.7416667
7,2017,375,30,176,210,498,135,84,148,390,2239,lincoln park,342.7416667,342.44636840563834,342.7416667
7,2018,362,23,160,280,482,190,130,166,462,2496,lincoln park,338.7,300.3108617119571,266.8909091
8,2011,1289,430,250,212,1324,365,524,350,639,5048,near north side,288.4,1859.915942214938,220.5272727
8,2012,1334,306,136,258,1254,315,453,267,701,5522,near north side,324.225,1554.7500836169777,220.5272727
8,2013,1178,238,159,243,1171,323,577,197,466,4873,near north side,345.3666667,1534.146543777125,220.5272727
8,2014,1192,216,151,158,1110,324,416,176,494,4081,near north side,350.825,1387.2331988648941,220.5272727
8,2015,1054,258,153,183,1210,335,354,204,512,4216,near north side,353.85,1244.6227757704175,220.5272727
8,2016,1237,122,294,202,1583,377,252,294,658,4905,near north side,365.7666667,2053.4984714924785,266.8909091
8,2017,1388,138,337,241,1793,461,358,414,636,5895,near north side,367.9916667,1300.2412211066542,266.8909091
8,2018,1570,130,325,213,2025,552,354,383,609,6131,near north side,359.7,1296.722178710202,266.8909091
9,2011,75,5,7,33,30,17,13,0,71,82,edison park,186.5363636,110.66026440076182,40.1
9,2012,64,7,8,20,27,14,13,4,56,70,edison park,196.3583333,108.59288622071965,40.1
9,2013,56,5,6,14,24,11,13,1,54,74,edison park,228.2833333,109.27477888166065,40.1
9,2014,34,4,3,16,30,11,12,1,39,56,edison park,219.1416667,108.36125879135447,40.1
9,2015,49,5,9,15,41,18,6,1,33,45,edison park,211.5333333,107.4006929331121,179.1
9,2016,40,2,12,19,44,27,7,4,46,68,edison park,227.5416667,108.7645595603572,179.1
9,2017,45,2,9,4,34,20,12,3,36,65,edison park,230.1583333,107.9484555798753,179.1
9,2018,63,1,13,12,29,17,11,1,32,50,edison park,218.1333333,106.50834631841455,40.1
10,2011,203,32,43,137,89,79,35,19,260,375,norwood park,158.1454545,149.53947119344883,158.1454545
10,2012,224,41,40,97,83,94,40,17,229,426,norwood park,181.5416667,143.389518816529,31.85833333
10,2013,205,53,37,75,67,66,28,4,162,355,norwood park,207.6666667,128.09062206186644,31.85833333
10,2014,192,58,30,90,111,73,42,13,176,315,norwood park,203.3916667,138.83874380692868,203.3916667
10,2015,175,48,25,94,123,83,49,9,188,323,norwood park,211.0666667,149.2437608393422,203.3916667
10,2016,187,24,43,96,161,77,41,15,195,341,norwood park,218.0833333,170.82230311175334,203.3916667
10,2017,172,17,32,70,147,80,34,14,138,260,norwood park,217.325,139.65139645958442,217.325
10,2018,179,17,48,76,115,105,52,10,135,311,norwood park,212.7,130.33706908147468,217.325
11,2011,184,52,65,132,91,59,30,17,207,279,jefferson park,131.7454545,137.3679309566316,84.6
11,2012,213,56,75,136,57,63,42,27,221,365,jefferson park,148.9,133.9886831888536,65.225
11,2013,193,95,57,113,61,64,56,27,154,346,jefferson park,161.5916667,120.47652169265818,65.225
11,2014,187,60,53,103,79,67,48,21,146,328,jefferson park,169.525,124.29467523748933,84.6
11,2015,173,64,42,82,100,56,38,24,135,294,jefferson park,181.45,125.43534216222467,195.8
11,2016,147,23,45,75,108,79,33,23,135,292,jefferson park,189.1583333,127.6693962103847,217.325
11,2017,156,23,49,58,129,70,25,18,130,265,jefferson park,198.3666667,134.0158309636028,169.9
11,2018,157,15,51,63,99,89,50,18,130,291,jefferson park,194.9666667,128.40054884037198,169.9
12,2011,71,20,18,105,34,23,10,6,118,136,forest glen,229.35,112.88762351747407,171.83333330000005
12,2012,51,15,24,100,46,26,12,3,85,180,forest glen,215.1625,111.56467832078185,179.1
12,2013,44,12,23,76,33,19,7,5,65,123,forest glen,245.825,108.77009634957646,40.1
12,2014,43,9,9,72,63,23,9,2,78,111,forest glen,247.0,115.32753121892794,179.1
12,2015,57,10,15,51,50,25,19,3,57,125,forest glen,235.7291667,111.8103444475709,179.1
12,2016,63,9,30,76,65,33,24,7,73,146,forest glen,245.8458333,116.05918642292788,179.1
12,2017,50,6,25,47,77,38,27,8,59,158,forest glen,244.0083333,116.77782349894521,179.1
12,2018,42,2,29,53,67,25,25,5,44,155,forest glen,224.0,114.60674642278848,179.1
13,2011,125,46,65,143,32,52,26,32,187,296,north park,136.3545455,111.33953664266589,65.225
13,2012,130,49,64,159,41,36,22,23,123,328,north park,136.05833330000002,105.89434071498833,136.05833330000002
13,2013,117,35,41,90,33,49,17,20,111,296,north park,151.3666667,103.1985698343771,20.40833333
13,2014,99,36,42,103,53,46,15,19,110,271,north park,165.325,106.93109149958416,20.40833333
13,2015,113,36,35,87,59,34,16,23,119,246,north park,177.2583333,114.85259942456302,136.05833330000002
13,2016,131,30,39,71,95,50,17,31,114,307,north park,181.8416667,118.29392748431853,149.7
13,2017,135,17,61,68,61,54,32,26,99,323,north park,186.9083333,115.38514913539909,149.7
13,2018,130,12,49,79,88,53,29,28,114,305,north park,177.1333333,122.70813883487169,177.1333333
14,2011,536,225,211,287,95,162,71,127,451,579,albany park,91.72727273,111.34977260853263,114.03333329999998
14,2012,556,191,221,245,78,147,45,114,402,617,albany park,114.03333329999998,109.45087697981141,114.03333329999998
14,2013,501,168,177,169,92,140,43,125,367,589,albany park,134.9916667,114.10861134302756,134.9916667
14,2014,436,153,116,141,118,145,47,94,340,506,albany park,159.85,123.02562738197518,54.45833333
14,2015,496,119,144,176,114,172,52,70,381,550,albany park,165.79166669999995,130.7017148602892,165.79166669999995
14,2016,454,45,144,125,152,145,36,166,347,564,albany park,175.66666669999995,116.69756582781626,145.91666669999995
14,2017,430,27,175,147,143,124,38,144,287,693,albany park,178.425,124.21987585905951,210.6
14,2018,481,32,136,149,150,152,47,132,330,558,albany park,185.3666667,131.18757118508728,142.54166669999995
15,2011,668,258,298,437,151,247,81,103,595,1049,portage park,110.3909091,134.2028290135051,67.26666667
15,2012,629,228,331,355,177,202,80,109,532,1071,portage park,123.73333329999998,198.14395833322413,141.65
15,2013,616,370,248,260,160,227,105,84,459,976,portage park,141.65,141.5834721831481,141.65
15,2014,570,221,159,242,222,186,73,63,445,816,portage park,153.54166669999995,206.67376054801497,120.03333329999998
15,2015,572,209,155,251,229,196,79,87,475,810,portage park,161.4916667,213.5555256961954,120.03333329999998
15,2016,546,82,185,228,266,214,69,85,434,750,portage park,178.56666669999996,239.15911026432804,178.56666669999996
15,2017,559,78,237,234,283,241,76,72,416,790,portage park,182.7166667,236.2287710296652,182.7166667
15,2018,560,45,144,202,253,253,76,81,397,811,portage park,172.56666669999996,207.63803192667473,200.7666667
16,2011,706,284,402,455,136,206,73,146,601,854,irving park,113.3090909,125.25655604220735,67.26666667
16,2012,647,205,425,417,127,178,72,97,516,860,irving park,137.1333333,149.2512641328787,67.26666667
16,2013,548,172,322,289,125,168,44,132,477,882,irving park,162.0166667,133.05238041478077,114.03333329999998
16,2014,515,127,190,174,156,137,50,83,411,718,irving park,177.6083333,194.90032326900035,197.925
16,2015,556,118,198,195,165,167,42,83,408,763,irving park,190.175,180.86795978934896,196.6
16,2016,536,63,201,212,238,186,54,108,413,655,irving park,201.4333333,200.00730485124149,201.4333333
16,2017,467,29,194,209,245,164,57,112,395,808,irving park,208.75,239.3961016501991,210.6
16,2018,506,40,141,209,195,165,43,95,375,779,irving park,196.6,191.9378592301793,196.6
17,2011,309,82,112,256,95,147,46,33,345,474,dunning,119.4818182,126.32844928377669,37.75833333
17,2012,275,74,141,205,95,105,41,36,288,451,dunning,135.7166667,140.93876394256876,160.87916669999996
17,2013,291,96,113,208,86,105,39,28,247,402,dunning,149.5166667,123.16385934668067,53.7
17,2014,296,84,65,134,107,94,47,20,205,297,dunning,159.95,125.93899080430417,195.8
17,2015,282,73,80,130,129,100,39,30,259,311,dunning,177.1166667,140.79887316487583,195.8
17,2016,279,40,76,197,141,129,56,53,243,328,dunning,183.65,136.14289333332562,183.65
17,2017,297,22,62,121,141,104,37,29,210,297,dunning,182.8166667,142.29308511939342,217.325
17,2018,305,19,70,141,120,115,34,22,189,292,dunning,186.5666667,130.4680045223078,217.325
19,2011,1086,549,588,723,183,382,133,290,863,1196,belmont cragin,61.90909091,61.607371070086785,61.90909091
19,2012,1128,512,492,463,205,389,118,204,805,1213,belmont cragin,59.4,47.84151122528344,67.26666667
19,2013,1023,402,388,459,235,320,82,163,698,1169,belmont cragin,94.66666667,118.95013839985693,67.26666667
19,2014,940,362,266,305,256,339,95,148,608,904,belmont cragin,89.68333333,118.83084924680513,120.03333329999998
19,2015,977,368,262,258,230,372,97,150,567,809,belmont cragin,120.03333329999998,76.64821668606525,120.03333329999998
19,2016,920,140,259,329,302,355,95,188,585,950,belmont cragin,127.9166667,167.18361727007067,213.2333333
19,2017,851,121,410,328,322,337,88,172,528,855,belmont cragin,133.4833333,133.48192581273833,133.4833333
19,2018,891,146,233,270,289,331,81,156,505,809,belmont cragin,152.6333333,154.42279748416257,120.03333329999998
20,2011,422,194,166,223,58,127,28,80,245,265,hermosa,79.73181818,101.8098517161881,55.48333333
20,2012,370,178,199,176,62,129,24,58,227,330,hermosa,96.98333333,86.23340289369223,55.48333333
20,2013,378,165,120,132,66,130,25,55,230,369,hermosa,108.325,96.72609010189187,55.48333333
20,2014,327,159,115,113,75,122,24,47,210,311,hermosa,127.55,98.47217975739402,54.45833333
20,2015,329,112,124,99,87,105,27,46,236,314,hermosa,148.9708333,109.77557359635755,160.87916669999996
20,2016,285,60,126,115,80,103,21,54,208,265,hermosa,160.87916669999996,106.13207428013736,160.87916669999996
20,2017,281,29,120,105,82,105,27,57,158,305,hermosa,163.6541667,106.99566095538755,80.3
20,2018,286,52,89,72,87,107,16,46,173,255,hermosa,154.93333330000004,109.88425260726687,53.7
21,2011,499,225,400,338,117,166,55,105,386,703,avondale,91.72727273,93.00685609859572,91.72727273
21,2012,516,171,332,337,134,183,68,113,383,701,avondale,121.175,119.80144552147173,114.03333329999998
21,2013,418,96,227,219,135,157,31,111,324,675,avondale,157.8916667,113.85247043626366,196.6
21,2014,387,88,132,163,135,116,48,75,332,633,avondale,172.94166669999996,169.61699501345646,197.925
21,2015,368,92,186,118,141,125,27,89,258,636,avondale,187.4916667,132.3287195992736,196.6
21,2016,364,29,175,152,180,141,48,84,313,601,avondale,210.6,176.12125431777457,210.6
21,2017,351,23,123,146,206,135,37,109,311,673,avondale,219.3083333,176.55902417391115,210.6
21,2018,361,20,141,152,177,158,45,98,280,669,avondale,218.9333333,144.84009920233,210.6
22,2011,1095,301,643,774,217,327,109,264,900,2089,logan square,131.1545455,131.18542624781475,131.1545455
22,2012,989,339,625,683,207,306,127,231,751,1974,logan square,168.9083333,103.25074759648048,131.1545455
22,2013,879,230,396,522,221,278,110,207,670,1817,logan square,200.6916667,120.33038033939299,67.26666667
22,2014,836,177,274,365,243,257,78,157,612,1609,logan square,217.8916667,209.44308719276086,67.26666667
22,2015,687,146,266,291,284,232,96,159,580,1624,logan square,228.3166667,331.1830334838152,141.65
22,2016,700,94,323,360,419,281,121,214,653,1867,logan square,247.1666667,481.1610652045776,213.2333333
22,2017,663,60,256,320,396,302,87,262,525,1799,logan square,257.075,77.9949740996082,213.2333333
22,2018,701,66,207,299,381,295,93,148,560,1731,logan square,251.9333333,330.5973375783498,213.2333333
23,2011,2253,2370,636,582,182,713,173,399,981,1505,humboldt park,54.73636364,-343.0306942659234,14.56363636
23,2012,2015,2705,623,585,209,632,179,447,1014,1573,humboldt park,80.8,-309.97193123739345,14.56363636
23,2013,1827,2864,343,433,192,552,165,379,814,1455,humboldt park,98.69166667,-618.9991433162512,16.22727273
23,2014,1694,2544,330,287,293,532,153,318,712,1102,humboldt park,136.675,-391.405875007288,176.3
23,2015,1702,1642,324,287,285,561,135,310,756,1035,humboldt park,149.05,-75.49764889008732,176.3
23,2016,1679,1013,406,328,290,606,132,410,835,1275,humboldt park,158.3916667,127.34963037089544,158.3916667
23,2017,1567,1147,390,324,330,659,152,401,808,1210,humboldt park,183.45,183.32312103976363,183.45
23,2018,1620,1707,278,273,258,618,143,342,620,1051,humboldt park,176.3,176.0472557291352,176.3
24,2011,1329,520,633,919,338,524,176,372,1317,3280,west town,201.5363636,-149.15540555115223,220.5272727
24,2012,1251,485,640,892,313,461,219,385,1171,3162,west town,229.5666667,-7.433492145108929,220.5272727
24,2013,1100,289,527,782,330,358,128,313,954,2875,west town,255.75,-113.00711605961335,220.5272727
24,2014,1005,177,322,685,402,339,154,260,839,2660,west town,268.84833330000004,79.25997244093666,266.8909091
24,2015,943,206,370,472,432,303,118,234,855,2641,west town,272.5416667,512.5156123539629,220.5272727
24,2016,982,89,423,560,525,395,184,387,1034,3213,west town,295.0283333,559.9311143196384,266.8909091
24,2017,963,76,442,652,626,440,173,425,890,3103,west town,299.0966667,65.12578408715414,266.8909091
24,2018,874,57,289,500,594,444,164,287,795,2772,west town,290.98,300.45460876233045,266.8909091
25,2011,4038,5472,816,1430,524,1256,434,1090,1886,3166,austin,33.78181818,-1168.6965534344351,220.5272727
25,2012,4230,4614,826,1100,505,1262,333,973,1744,3276,austin,42.59166667,-1321.9295737565997,220.5272727
25,2013,3997,4826,633,728,520,1140,353,745,1571,3255,austin,51.46666667,-2744.4686632223465,220.5272727
25,2014,3649,4126,640,595,754,1147,465,758,1422,2509,austin,56.95833333,-761.5305982075669,220.5272727
25,2015,3564,3272,655,479,845,1096,354,771,1542,2174,austin,63.70833333,-270.64729670617163,103.1
25,2016,3682,1877,790,499,752,1236,317,856,1820,2309,austin,78.60833333,78.82035460490367,78.60833333
25,2017,3346,1461,730,522,816,1198,265,831,1668,2144,austin,93.91666667,135.62506868857525,78.60833333
25,2018,3376,1363,661,496,723,1224,312,780,1418,2302,austin,103.1,103.09170126337192,103.1
26,2011,1273,1655,253,200,215,361,90,322,434,745,west garfield park,12.15454545,166.87702578421084,21.08333333
26,2012,1202,1660,278,284,451,333,90,318,483,841,west garfield park,11.05833333,-192.5182045593836,46.0
26,2013,1115,2354,186,168,339,307,95,227,429,740,west garfield park,17.55,-598.5766775588717,63.75833333
26,2014,1005,2196,138,136,274,294,108,243,376,604,west garfield park,16.58333333,-184.4367196210231,73.04166667
26,2015,1033,2086,156,111,166,325,87,296,402,505,west garfield park,26.625,340.12265814554047,73.04166667
26,2016,1134,1416,213,132,173,329,97,351,504,587,west garfield park,26.675,381.08570238418105,73.04166667
26,2017,1117,991,215,134,186,401,156,310,496,583,west garfield park,37.54166667,269.9216564833616,73.04166667
26,2018,1129,1078,174,137,182,395,196,314,549,630,west garfield park,43.66666667,256.79999359120774,73.04166667
27,2011,1300,1336,368,299,130,414,147,292,522,975,east garfield park,21.49090909,139.31660968843715,176.3
27,2012,1253,1391,294,232,221,398,102,339,516,841,east garfield park,26.76666667,225.0807864855007,21.08333333
27,2013,1184,1700,239,189,196,403,125,247,470,786,east garfield park,31.925,54.354208103918765,21.08333333
27,2014,1180,1617,190,173,186,392,115,221,404,674,east garfield park,42.38333333,13.726217578368207,21.08333333
27,2015,1077,1497,162,146,159,390,110,226,442,581,east garfield park,55.50833333,154.12879427404476,73.04166667
27,2016,1204,754,215,121,164,433,110,227,496,633,east garfield park,73.04166667,126.91179214908259,73.04166667
27,2017,1144,647,200,129,167,378,191,246,430,578,east garfield park,77.29166667,79.53342742544116,73.04166667
27,2018,1169,602,171,128,134,436,116,293,478,703,east garfield park,75.1,176.09448070505385,73.04166667
28,2011,1304,554,558,411,457,491,339,385,857,3438,near west side,123.3772727,541.3637662185785,220.5272727
28,2012,1287,467,523,380,502,508,365,351,872,3391,near west side,139.8208333,859.8924721323848,220.5272727
28,2013,1140,469,394,264,572,455,394,298,669,3063,near west side,167.6708333,864.1803052660972,220.5272727
28,2014,1198,336,327,238,589,449,343,277,627,2837,near west side,182.6791667,623.2497756702788,220.5272727
28,2015,1132,329,329,284,664,470,270,276,803,2701,near west side,204.0666667,956.8242508368995,220.5272727
28,2016,1237,205,328,279,804,517,257,354,1012,3660,near west side,209.1041667,1496.774186708309,220.5272727
28,2017,1179,169,408,307,795,588,232,458,881,3343,near west side,219.8708333,589.459086801434,266.8909091
28,2018,1283,173,365,281,855,656,282,344,808,3601,near west side,220.0333333,738.267693247689,266.8909091
29,2011,2192,2105,492,518,154,596,155,467,906,1410,north lawndale,14.56363636,14.744224746754455,14.56363636
29,2012,2277,2344,371,528,182,649,122,447,1005,1393,north lawndale,16.33333333,-295.07381173655523,14.56363636
29,2013,1965,2773,216,426,227,557,226,385,755,1208,north lawndale,19.7,-520.3685203265785,11.525
29,2014,1834,2103,228,381,279,540,184,395,771,1069,north lawndale,21.75,-124.85900941865187,10.74166667
29,2015,1909,1755,250,302,279,541,192,391,830,913,north lawndale,26.475,-3.25749611326394,38.18333333
29,2016,2172,1188,345,295,316,670,174,450,1017,954,north lawndale,38.18333333,37.48469730913273,38.18333333
29,2017,2016,1649,361,266,261,648,281,392,840,965,north lawndale,51.41666667,71.69744906148041,46.0
29,2018,1929,2101,307,296,277,684,251,376,869,997,north lawndale,62.03333333,95.94292344576313,183.45
30,2011,1144,575,574,318,119,378,87,245,676,924,south lawndale,30.22727273,-40.935999416004805,38.18333333
30,2012,1197,542,385,312,121,383,71,262,693,967,south lawndale,34.70833333,34.89958497563127,34.70833333
30,2013,1000,453,256,253,125,357,86,243,632,878,south lawndale,43.23333333,49.580615894620834,36.46666667
30,2014,993,456,224,241,160,322,72,184,568,828,south lawndale,51.65,71.6292957029065,51.65
30,2015,1011,344,208,178,172,305,57,205,566,700,south lawndale,59.675,96.32162926408562,51.65
30,2016,1081,161,246,195,237,407,71,242,570,776,south lawndale,67.54166667,74.00808770184737,51.65
30,2017,940,177,247,193,143,393,71,210,570,851,south lawndale,89.71666667,35.97101216498338,51.65
30,2018,990,269,249,177,177,372,90,195,526,795,south lawndale,100.3,73.61494686498115,63.75833333
31,2011,568,305,297,225,97,207,80,78,494,678,lower west side,84.49090909,95.57715673092677,120.03333329999998
31,2012,533,281,332,135,91,237,70,78,443,676,lower west side,92.58333333,92.14934970200481,135.4
31,2013,507,229,257,155,102,193,85,66,389,722,lower west side,113.5833333,143.15055508039876,135.4
31,2014,446,193,174,122,116,182,86,47,378,679,lower west side,113.14166670000002,173.56221741021653,91.72727273
31,2015,461,131,166,87,114,199,63,63,395,541,lower west side,167.7666667,130.83889954598197,167.7666667
31,2016,484,83,113,136,169,216,42,86,399,589,lower west side,188.4583333,144.19567321477297,196.6
31,2017,529,40,112,201,132,222,78,113,373,521,lower west side,210.5833333,99.55885771059472,165.79166669999995
31,2018,442,59,101,118,146,218,70,95,299,563,lower west side,210.3,112.51512526824006,167.7666667
32,2011,556,286,128,90,816,282,391,240,291,3988,loop,291.3696970000001,291.3974468014632,291.3696970000001
32,2012,597,213,65,115,1006,295,395,201,277,4160,loop,322.1722222,322.00134062654905,322.1722222
32,2013,630,214,79,89,1153,304,411,196,279,3983,loop,334.8027778,901.8794737847485,322.1722222
32,2014,645,150,69,81,1141,274,342,158,311,3736,loop,341.4194444,1091.0829540231928,322.1722222
32,2015,723,120,74,87,966,298,310,194,341,4049,loop,344.2027778,344.1674723790922,344.2027778
32,2016,788,88,96,132,1360,349,257,310,385,4784,loop,361.5861111,-157.36453356356725,322.1722222
32,2017,923,74,148,107,1544,456,247,387,409,5882,loop,351.5333333000001,-1385.924267489653,322.1722222
32,2018,1027,95,123,76,1686,475,291,317,467,5790,loop,338.8,277.5653353906666,266.8909091
33,2011,222,40,74,86,129,81,91,53,149,681,near south side,210.8681818,157.56283279452254,176.6
33,2012,239,51,69,89,116,111,98,65,157,730,near south side,240.8854167,134.11383020262218,176.6
33,2013,236,33,63,40,154,75,143,39,176,685,near south side,264.75625,254.38350340531468,204.85
33,2014,272,36,61,56,187,81,127,40,128,640,near south side,268.5395833,185.148545933923,124.03333329999998
33,2015,291,33,55,55,234,84,110,58,183,613,near south side,269.74375,217.88454670418577,124.03333329999998
33,2016,272,24,64,47,296,117,97,50,170,656,near south side,285.4208333,233.92378108491465,124.03333329999998
33,2017,300,18,90,61,306,94,85,93,155,558,near south side,286.5833333,182.32928838585502,124.03333329999998
33,2018,289,19,72,32,263,122,53,49,190,592,near south side,280.125,212.26630487531946,280.125
35,2011,571,215,141,93,88,213,97,133,231,666,douglas,60.05454545,93.96320704043244,100.1333333
35,2012,566,198,129,91,108,211,150,127,241,688,douglas,93.38333333,107.83189001146745,100.1333333
35,2013,558,237,113,74,142,205,148,119,216,746,douglas,88.975,109.36481184042275,100.1333333
35,2014,515,169,127,50,184,206,173,136,199,557,douglas,100.1333333,100.03267070036888,100.1333333
35,2015,505,118,105,55,205,181,109,89,255,639,douglas,124.03333329999998,152.60836249474158,124.03333329999998
35,2016,476,82,96,48,191,204,103,178,268,702,douglas,154.775,111.53309553283832,124.03333329999998
35,2017,541,53,91,73,209,205,123,157,220,716,douglas,159.44166669999996,88.08499320014305,197.925
35,2018,578,45,100,53,185,239,101,113,251,727,douglas,127.46666670000002,112.3335402814402,124.03333329999998
36,2011,195,45,35,44,14,63,29,24,88,150,oakland,105.2727273,103.86543526962048,42.20833333
36,2012,161,30,24,39,19,51,32,27,106,162,oakland,94.60833333,105.98259726251733,40.1
36,2013,138,49,25,24,31,56,74,22,76,120,oakland,105.125,104.25443092811672,24.80833333
36,2014,141,20,36,26,34,60,41,24,86,113,oakland,145.16666669999995,102.67296974762137,171.83333330000005
36,2015,112,20,38,18,43,54,18,27,81,140,oakland,133.00833329999998,107.2061967270344,171.83333330000005
36,2016,120,7,39,30,37,56,16,23,90,190,oakland,145.45,108.24943945521652,177.1333333
36,2017,123,1,36,22,43,62,22,27,110,144,oakland,167.4833333,106.54105600819882,167.4833333
36,2018,131,4,26,15,57,66,13,20,96,134,oakland,202.4666667,109.30097741545039,167.4833333
37,2011,188,134,66,65,50,72,44,103,108,255,fuller park,17.95454545,113.14980861147448,79.29090909
37,2012,175,124,60,38,160,81,39,89,100,252,fuller park,10.65833333,118.90335510562652,280.125
37,2013,189,168,47,36,71,72,45,56,92,203,fuller park,20.9,109.84053580943889,55.48333333
37,2014,161,113,33,32,67,56,47,53,78,176,fuller park,24.80833333,108.77166923651855,24.80833333
37,2015,169,73,28,32,50,56,26,51,85,158,fuller park,39.375,105.76149150829467,42.20833333
37,2016,171,36,42,21,52,95,35,55,91,239,fuller park,31.85833333,103.26614544548481,31.85833333
37,2017,157,34,42,22,50,85,33,59,88,210,fuller park,56.80833333,103.2567826682545,24.80833333
37,2018,178,33,51,12,44,72,46,34,89,161,fuller park,62.13333333,103.12307005178643,62.13333333
38,2011,945,630,263,229,98,381,138,197,560,792,grand boulevard,38.86363636,71.98298546821677,36.46666667
38,2012,899,497,187,187,129,313,83,209,431,716,grand boulevard,47.05,97.7465701882749,36.46666667
38,2013,814,541,172,208,145,317,85,201,349,706,grand boulevard,54.075,91.58338832290535,47.33333333
38,2014,729,345,139,169,180,284,84,170,348,654,grand boulevard,61.25833333,89.83178245845117,47.33333333
38,2015,672,171,151,121,189,222,69,153,374,698,grand boulevard,83.425,129.01619082418546,134.9916667
38,2016,666,88,154,139,203,264,60,183,437,729,grand boulevard,101.0833333,112.98272132516938,150.83333330000005
38,2017,744,130,175,165,213,286,74,186,387,646,grand boulevard,117.025,97.41874239349197,119.4
38,2018,762,114,158,118,223,282,57,147,368,611,grand boulevard,119.4,119.35050415915536,119.4
39,2011,380,132,79,150,61,137,33,88,260,548,kenwood,79.29090909,83.17686670821347,79.29090909
39,2012,303,77,83,113,55,128,51,84,196,511,kenwood,86.45833333,91.4331860177255,37.75833333
39,2013,256,112,71,72,80,99,42,54,176,449,kenwood,96.06666667,114.81784893663932,65.225
39,2014,235,94,68,78,123,88,37,87,140,411,kenwood,108.76666670000002,107.9632662119431,142.54166669999995
39,2015,252,58,74,56,113,89,36,82,148,307,kenwood,117.4333333,112.72280779726786,169.9
39,2016,270,11,57,83,120,114,33,80,167,339,kenwood,126.0666667,110.2317145028566,142.54166669999995
39,2017,254,8,67,54,127,126,36,102,180,406,kenwood,131.875,106.760092879954,169.9
39,2018,262,12,71,55,127,118,46,61,186,370,kenwood,117.3,127.37392400613605,169.9
40,2011,851,569,210,313,60,256,146,177,415,521,washington park,22.48181818,97.02370045894274,36.46666667
40,2012,820,371,186,251,58,242,101,154,374,511,washington park,25.83333333,91.17325260507566,25.3
40,2013,761,421,131,195,65,243,95,209,310,565,washington park,28.38333333,122.36734671619267,36.46666667
40,2014,697,290,111,187,99,224,83,163,283,471,washington park,36.46666667,101.34805876903481,36.46666667
40,2015,690,154,81,203,103,232,62,124,390,405,washington park,36.19166667,91.68678246895358,25.3
40,2016,681,97,97,175,112,224,61,173,345,430,washington park,50.31666667,92.97608513407538,83.03333333
40,2017,713,50,115,135,110,250,54,165,356,422,washington park,53.29166667,79.4620575953442,53.29166667
40,2018,678,53,100,97,103,276,57,102,487,460,washington park,52.0,53.47249881664099,133.4833333
41,2011,233,114,129,167,117,100,41,104,217,744,hyde park,136.3545455,83.94060917694803,196.6
41,2012,225,43,93,135,118,119,45,100,223,665,hyde park,140.66666669999998,99.16151470716356,196.6
41,2013,191,34,80,142,97,93,51,77,150,619,hyde park,138.9,84.60710656639928,197.925
41,2014,172,17,62,111,134,59,26,78,136,501,hyde park,148.94166669999996,107.6973290511625,142.54166669999995
41,2015,194,15,87,86,135,78,33,92,157,487,hyde park,156.16666669999995,119.09211947946748,142.54166669999995
41,2016,168,9,73,166,186,72,43,94,216,572,hyde park,173.85,157.36950823413207,142.54166669999995
41,2017,209,7,64,103,179,96,24,98,135,623,hyde park,176.6,83.38999384524429,176.6
41,2018,213,10,64,103,195,102,34,111,288,661,hyde park,186.4333333,174.45201657979413,176.6
42,2011,1126,871,237,407,120,376,216,216,545,827,woodlawn,38.06363636,38.16971864494478,38.06363636
42,2012,1106,778,144,335,122,393,223,220,566,837,woodlawn,42.18333333,27.701649623965906,36.46666667
42,2013,994,550,115,312,128,329,154,225,450,779,woodlawn,50.325,51.67391821712879,36.46666667
42,2014,879,409,98,272,182,313,120,176,403,631,woodlawn,50.89166667,61.37180947230006,63.75833333
42,2015,813,254,118,281,157,274,86,171,443,565,woodlawn,68.975,93.93130894910352,47.33333333
42,2016,808,145,129,299,176,290,93,196,409,575,woodlawn,93.475,97.92392803150794,63.75833333
42,2017,856,121,121,318,159,342,82,206,497,598,woodlawn,114.6166667,63.18385657641845,133.4833333
42,2018,786,167,104,176,170,313,95,127,431,546,woodlawn,129.3,77.7684862629532,129.3
43,2011,2542,1189,627,1468,318,755,239,584,1156,1908,south shore,26.88181818,311.636850665832,103.1
43,2012,2402,1145,397,1238,328,796,256,605,1304,1906,south shore,24.0,-99.69170962327992,103.1
43,2013,2192,945,340,1045,336,714,215,452,1267,1836,south shore,28.29166667,-166.22316692136593,103.1
43,2014,2024,846,277,689,424,651,247,380,993,1504,south shore,30.64166667,-39.86033751689031,28.44166667
43,2015,2059,655,267,745,465,653,183,342,1026,1476,south shore,38.53333333,121.76642208341143,28.44166667
43,2016,1990,264,305,584,418,744,168,461,971,1266,south shore,49.88333333,49.75419610440365,49.88333333
43,2017,2156,237,317,566,481,781,197,466,985,1338,south shore,57.29166667,58.992351827894865,49.88333333
43,2018,2025,334,293,510,443,797,210,296,1049,1484,south shore,60.8,41.65725695322833,49.88333333
44,2011,1253,706,498,599,299,445,151,420,639,1544,chatham,36.63636364,10.998125725410475,28.44166667
44,2012,1297,675,332,420,388,455,161,473,717,1616,chatham,41.425,51.18708618449379,28.44166667
44,2013,1330,663,284,461,442,466,148,410,643,1636,chatham,45.76666667,-72.86143146788602,28.44166667
44,2014,1177,489,216,383,401,404,152,288,613,1513,chatham,47.8,34.21716417941131,37.49090909
44,2015,1280,395,170,357,376,444,113,276,568,1335,chatham,53.76666667,14.320134105000008,84.81666667
44,2016,1338,237,237,382,375,471,146,320,712,1357,chatham,66.14166667,112.2026820484745,37.49090909
44,2017,1284,180,233,320,393,540,219,296,681,1485,chatham,69.725,69.62202977282793,69.725
44,2018,1344,265,187,258,374,560,173,243,703,1582,chatham,72.96666667,115.85537763537938,69.725
45,2011,347,76,118,159,71,152,36,136,189,478,avalon park,36.93636364,74.66132004018361,160.87916669999996
45,2012,340,80,89,131,78,130,20,115,192,453,avalon park,37.75833333,84.08090045848,37.75833333
45,2013,294,91,76,126,72,128,24,81,176,376,avalon park,46.73333333,91.63553445785071,46.73333333
45,2014,286,118,61,75,74,112,31,90,146,328,avalon park,53.83333333,100.28614580949504,53.7
45,2015,274,91,59,88,72,124,25,65,159,231,avalon park,65.225,101.7986072453488,65.225
45,2016,277,53,53,88,82,121,27,65,157,198,avalon park,70.39166667,103.24897933156642,53.7
45,2017,281,15,58,77,77,118,29,65,150,242,avalon park,76.61666667,102.47345572323609,80.3
45,2018,252,29,47,58,62,120,28,37,154,199,avalon park,80.3,102.29440908390022,80.3
46,2011,1494,666,302,658,146,556,142,287,711,1051,south chicago,16.22727273,16.015011653463418,16.22727273
46,2012,1424,628,225,592,174,577,110,277,839,952,south chicago,16.94166667,-65.75660154763393,10.74166667
46,2013,1256,559,199,550,184,446,104,244,682,857,south chicago,18.15,35.384033397552386,37.49090909
46,2014,1117,660,136,317,185,426,127,176,550,741,south chicago,24.58333333,-3.2234614329216384,63.75833333
46,2015,1178,444,140,316,191,404,131,171,564,720,south chicago,38.65833333,38.64903603964119,38.65833333
46,2016,1141,218,161,310,210,502,110,214,576,658,south chicago,34.03333333,27.115795164775747,38.65833333
46,2017,1097,169,181,249,205,410,111,167,581,669,south chicago,52.025,55.603939228137435,63.75833333
46,2018,1052,178,174,256,174,427,119,138,484,617,south chicago,46.93333333,41.788984968500856,120.03333329999998
47,2011,91,45,33,53,7,35,4,16,55,63,burnside,24.84545455,104.75808615962289,136.05833330000002
47,2012,85,43,26,84,16,40,6,14,71,93,burnside,20.40833333,103.60668545971491,20.40833333
47,2013,79,39,22,59,13,24,7,18,53,102,burnside,28.06666667,104.3801585311923,136.05833330000002
47,2014,74,58,13,24,14,31,3,17,42,80,burnside,35.75833333,104.34392262956264,136.05833330000002
47,2015,69,20,24,19,24,35,9,17,54,57,burnside,44.00833333,105.02100349266361,40.1
47,2016,86,15,17,23,23,38,6,13,72,53,burnside,40.1,104.59949267558868,40.1
47,2017,81,19,15,26,18,37,1,7,53,38,burnside,47.325,105.19658527580047,40.1
47,2018,67,30,14,18,15,38,5,24,49,62,burnside,93.1,104.79094488299499,40.1
48,2011,303,108,164,261,101,107,41,107,287,543,calumet heights,52.79090909,116.12486028934579,145.91666669999995
48,2012,279,69,109,152,84,93,32,122,248,560,calumet heights,53.7,96.4470110828726,53.7
48,2013,287,63,91,110,80,102,32,77,183,400,calumet heights,58.74166667,106.27240941932466,53.7
48,2014,262,92,96,76,92,100,30,63,182,402,calumet heights,65.28333333,115.22504737608612,65.28333333
48,2015,259,72,68,98,98,120,30,64,195,285,calumet heights,80.225,108.10204528275533,142.54166669999995
48,2016,253,31,88,93,128,115,19,63,171,273,calumet heights,79.61666667,115.30155714791469,142.54166669999995
48,2017,230,30,89,86,94,108,34,69,197,245,calumet heights,93.34166667,106.45106497981503,93.34166667
48,2018,282,36,87,66,99,144,21,44,148,237,calumet heights,87.0,104.86227256033924,169.9
49,2011,1957,1263,649,854,255,640,262,425,984,1552,roseland,21.56363636,-17.95322214085975,14.56363636
49,2012,1792,1087,369,627,348,638,211,470,1029,1434,roseland,24.90833333,7.251649907192743,32.45454545
49,2013,1578,997,307,555,268,602,212,437,902,1370,roseland,27.18333333,7.352888116946971,16.22727273
49,2014,1447,800,220,442,315,561,207,333,866,1213,roseland,28.175,-11.443784350428203,30.825
49,2015,1435,517,243,477,336,554,149,267,793,967,roseland,33.86666667,32.40144991209597,37.49090909
49,2016,1498,377,262,455,293,606,202,352,878,990,roseland,40.43333333,-82.70240306279523,61.90909091
49,2017,1449,297,254,406,342,615,188,331,918,1014,roseland,53.825,-84.42038538017444,37.49090909
49,2018,1466,334,226,300,290,654,221,255,884,1019,roseland,56.9,-132.36721931053108,69.725
50,2011,253,47,65,89,57,129,42,34,127,211,pullman,38.05454545,98.79078126931124,38.05454545
50,2012,258,81,75,70,58,114,51,35,153,207,pullman,41.64166667,99.81014976258409,65.225
50,2013,240,49,47,54,56,90,42,41,115,251,pullman,39.475,104.81467079026258,62.13333333
50,2014,233,52,33,44,73,131,39,35,129,305,pullman,39.75,104.55078301717656,31.85833333
50,2015,217,52,36,32,63,93,36,20,117,233,pullman,42.20833333,109.51433793853464,42.20833333
50,2016,237,32,45,50,79,110,25,40,160,264,pullman,63.88333333,110.95761783484265,93.34166667
50,2017,171,33,49,49,53,96,26,29,110,279,pullman,59.075,105.48752587936194,59.075
50,2018,232,28,41,37,70,108,35,24,96,310,pullman,41.56666667,105.85692700635734,80.3
51,2011,477,198,124,175,79,210,65,97,298,468,south deering,25.3,84.50524977222737,25.3
51,2012,462,136,85,162,63,210,75,83,351,412,south deering,22.80833333,71.60849130266358,79.29090909
51,2013,410,133,76,167,79,169,78,81,281,478,south deering,27.625,97.3692278439077,79.29090909
51,2014,368,202,85,132,107,144,95,83,254,475,south deering,22.55,120.94290081219076,54.45833333
51,2015,361,103,60,111,109,178,82,60,198,390,south deering,27.16666667,98.95899490274603,183.65
51,2016,353,58,80,73,113,186,59,65,253,397,south deering,51.675,109.44530644892,167.7666667
51,2017,347,54,75,64,100,170,40,50,198,395,south deering,53.875,109.97555097340516,169.9
51,2018,356,49,71,47,97,159,58,55,168,432,south deering,65.43333333,108.48040260588384,169.9
52,2011,348,193,74,179,61,137,20,20,354,260,east side,51.16363636,69.46613007556077,55.48333333
52,2012,312,114,97,135,58,158,30,28,338,271,east side,52.03333333,74.65669862459542,52.03333333
52,2013,257,145,74,85,47,102,23,27,250,261,east side,61.09166667,96.9657862981632,55.48333333
52,2014,246,150,43,89,57,96,28,18,227,230,east side,55.48333333,98.99627468828946,55.48333333
52,2015,259,114,30,62,62,120,25,31,230,180,east side,72.68333333,94.47925151984707,42.20833333
52,2016,295,46,51,65,75,120,27,23,224,218,east side,84.6,108.44841414825821,84.6
52,2017,263,38,45,54,63,101,24,17,225,185,east side,82.01666667,106.5997853187702,42.20833333
52,2018,274,39,63,46,38,105,31,29,156,145,east side,83.2,95.30423975154297,59.075
53,2011,1133,730,396,524,158,464,122,262,667,726,west pullman,20.12727273,47.806168892871185,16.22727273
53,2012,1094,721,288,455,131,417,121,201,759,858,west pullman,21.13333333,-65.5049062309998,10.74166667
53,2013,1071,615,213,432,118,380,101,164,594,732,west pullman,22.325,-9.87155199532647,10.74166667
53,2014,914,438,139,300,168,339,91,171,515,663,west pullman,25.25,52.57133122408338,63.75833333
53,2015,871,303,132,221,168,311,51,145,554,604,west pullman,31.20833333,79.46362684343983,114.03333329999998
53,2016,861,163,160,225,188,343,74,147,598,494,west pullman,34.71666667,34.81968211356359,34.71666667
53,2017,896,141,135,190,184,382,94,147,586,534,west pullman,50.375,17.823246747894856,135.4
53,2018,845,160,118,223,187,376,93,115,534,580,west pullman,49.36666667,59.862164789751816,120.03333329999998
55,2011,117,47,40,72,27,72,18,10,122,197,hegewisch,74.31818182,103.47727262010828,20.40833333
55,2012,152,40,26,51,28,55,23,11,123,143,hegewisch,69.73333333,106.81947244330028,24.80833333
55,2013,125,49,42,36,33,46,22,9,103,160,hegewisch,63.41666667,109.58503651264225,24.80833333
55,2014,112,32,13,36,44,56,20,7,69,153,hegewisch,79.475,106.83795013837396,171.83333330000005
55,2015,107,21,12,21,54,40,8,11,62,107,hegewisch,80.83333333,108.73170737108005,171.83333330000005
55,2016,143,8,17,34,48,57,12,6,86,112,hegewisch,104.7916667,109.48163946132006,179.1
55,2017,129,6,33,44,43,62,15,11,107,130,hegewisch,101.9416667,108.2382223994802,167.4833333
55,2018,133,12,12,64,36,54,10,12,77,110,hegewisch,91.0,107.18053188563515,179.1
56,2011,307,227,101,285,154,125,55,38,396,518,garfield ridge,120.6272727,145.33447517759413,54.45833333
56,2012,348,251,97,200,170,128,48,51,323,550,garfield ridge,127.975,128.0395927144629,127.975
56,2013,273,221,86,169,121,115,35,47,328,490,garfield ridge,147.575,120.02388444548994,54.45833333
56,2014,237,176,64,130,139,92,49,42,288,417,garfield ridge,162.2833333,150.78941990943275,54.45833333
56,2015,240,125,68,112,173,122,35,32,308,406,garfield ridge,165.95833330000005,169.3669171515823,203.3916667
56,2016,275,60,105,153,235,123,44,49,330,506,garfield ridge,179.33333330000005,232.0874963533817,142.54166669999995
56,2017,291,64,122,121,213,111,53,57,262,395,garfield ridge,177.33333330000005,177.4248949280838,177.33333330000005
56,2018,260,74,91,115,208,113,36,32,304,506,garfield ridge,196.7666667,218.86044315329053,251.8333333
57,2011,149,59,117,140,38,50,14,53,239,270,archer heights,91.95454545,105.80901033159277,65.28333333
57,2012,181,67,97,116,37,51,6,67,203,253,archer heights,111.1833333,101.64760151143598,65.28333333
57,2013,149,64,90,92,42,50,8,52,179,358,archer heights,112.8666667,106.61987614296156,65.28333333
57,2014,114,54,112,73,51,48,10,33,174,260,archer heights,117.9916667,113.96377737745222,65.28333333
57,2015,173,42,53,71,51,69,12,43,143,220,archer heights,119.5416667,106.2457597230288,65.225
57,2016,133,32,70,63,56,60,15,25,114,216,archer heights,128.7916667,110.42359598484033,149.7
57,2017,134,19,51,92,71,51,23,30,114,181,archer heights,146.05833330000004,114.97982126738331,146.05833330000004
57,2018,140,24,41,66,46,53,11,28,127,199,archer heights,155.56666669999996,109.59462133671347,149.7
58,2011,629,239,468,283,73,185,43,130,545,550,brighton park,53.08181818,-34.5497572763132,114.03333329999998
58,2012,625,160,273,291,88,201,56,121,457,510,brighton park,54.45833333,78.28934462017712,54.45833333
58,2013,523,223,294,218,82,164,50,86,344,462,brighton park,70.24166667,70.31329400926113,70.24166667
58,2014,564,322,163,247,112,159,55,65,414,428,brighton park,81.40833333,75.89414286981552,54.45833333
58,2015,549,306,169,140,114,151,35,106,348,418,brighton park,89.225,90.03345143653057,54.45833333
58,2016,534,157,153,198,122,203,36,151,374,339,brighton park,109.96666670000002,85.25854409753735,54.45833333
58,2017,477,98,91,131,105,182,35,130,309,312,brighton park,118.225,89.71824686193138,142.54166669999995
58,2018,473,78,125,107,117,176,33,93,301,373,brighton park,126.5666667,103.305015027475,142.54166669999995
59,2011,208,125,109,100,47,85,18,30,243,318,mckinley park,103.8545455,105.26027219292261,79.29090909
59,2012,212,75,112,83,43,60,17,26,198,372,mckinley park,110.3333333,120.27046995037124,65.28333333
59,2013,197,85,88,83,56,66,16,27,159,363,mckinley park,100.9666667,111.74214950143066,65.28333333
59,2014,177,77,50,64,46,57,26,30,148,276,mckinley park,113.65833329999998,112.7722660033243,65.225
59,2015,160,96,63,43,49,73,16,38,164,282,mckinley park,128.1416667,111.1476502588768,62.13333333
59,2016,162,58,58,63,45,76,14,29,174,252,mckinley park,142.8583333,108.19631611679704,65.225
59,2017,141,66,50,74,62,82,26,44,153,235,mckinley park,155.5916667,107.84880440174236,65.225
59,2018,150,24,43,73,44,76,22,23,130,234,mckinley park,175.43333330000004,107.51162663034044,149.7
60,2011,387,126,129,214,61,164,57,64,450,403,bridgeport,127.3454545,73.30778979164386,134.15
60,2012,339,75,128,188,60,129,55,44,376,515,bridgeport,134.15,134.07324811685174,134.15
60,2013,302,102,118,151,70,117,49,33,311,436,bridgeport,148.525,128.88588555256428,134.15
60,2014,274,68,76,149,86,127,45,41,295,430,bridgeport,156.79166669999995,125.97183197917472,37.75833333
60,2015,250,55,97,125,85,123,38,41,256,373,bridgeport,170.1333333,120.21627087578524,65.28333333
60,2016,259,48,59,113,136,125,44,72,268,396,bridgeport,180.3666667,133.66384950373612,142.54166669999995
60,2017,217,36,62,133,106,106,27,54,205,379,bridgeport,196.2916667,117.00048113347582,142.54166669999995
60,2018,240,30,64,117,152,125,43,34,232,312,bridgeport,195.8,143.6024027375526,195.8
61,2011,1510,1264,459,569,156,485,177,226,793,1106,new city,17.93636364,-225.04357994308594,16.22727273
61,2012,1412,1013,304,450,156,493,119,219,697,1140,new city,18.34166667,-143.87965543031243,16.22727273
61,2013,1237,821,184,286,152,418,123,177,606,1218,new city,24.55833333,-83.42535449373902,142.125
61,2014,1134,545,195,260,190,383,104,212,581,1046,new city,28.65,48.220751647298286,84.81666667
61,2015,1053,590,160,256,194,372,76,182,519,859,new city,38.54166667,32.37947916371847,51.65
61,2016,1095,316,192,303,197,437,81,260,560,762,new city,47.33333333,68.87990631033533,47.33333333
61,2017,1038,234,202,192,178,414,95,211,507,830,new city,63.75833333,63.611767700741595,63.75833333
61,2018,922,198,141,184,193,439,76,162,451,802,new city,62.33333333,63.53125353209832,51.65
62,2011,187,80,88,179,45,67,19,67,252,326,west elsdon,97.41818182,101.79682491891178,65.28333333
62,2012,181,85,94,129,55,65,24,62,249,293,west elsdon,98.775,109.48707008155104,65.28333333
62,2013,155,76,89,125,54,63,25,43,200,355,west elsdon,115.275,115.05847640289282,65.28333333
62,2014,123,47,64,100,81,47,21,40,165,221,west elsdon,118.05,121.57163199359654,65.225
62,2015,133,50,60,79,73,56,24,49,153,232,west elsdon,129.78333329999998,115.59600837492796,65.225
62,2016,142,17,63,136,74,49,31,60,171,237,west elsdon,137.8666667,121.40749648484613,146.05833330000004
62,2017,135,19,55,94,74,52,19,63,166,235,west elsdon,149.675,113.63645673683929,146.05833330000004
62,2018,135,24,41,103,71,58,19,27,122,283,west elsdon,147.4,111.84027389067175,147.4
63,2011,604,420,383,260,73,186,51,117,529,606,gage park,47.87272727,16.939887343614075,114.03333329999998
63,2012,541,290,318,218,85,166,69,143,441,564,gage park,53.525,83.8024499308223,114.03333329999998
63,2013,488,260,189,188,80,144,49,110,381,566,gage park,61.21666667,101.39543795776915,61.21666667
63,2014,446,259,134,179,125,153,49,82,365,498,gage park,74.64166667,108.23644183907815,54.45833333
63,2015,453,199,121,156,94,160,36,119,300,410,gage park,83.925,97.53407988114775,54.45833333
63,2016,475,104,124,175,109,175,22,112,356,410,gage park,93.33333333,98.18194951597904,142.54166669999995
63,2017,443,83,134,153,104,158,37,162,289,425,gage park,110.1833333,92.41937559081559,142.54166669999995
63,2018,394,89,101,116,112,162,40,81,269,394,gage park,110.4333333,108.22660953078154,142.54166669999995
64,2011,233,60,34,164,54,99,17,18,240,245,clearing,110.1090909,105.458825569128,31.85833333
64,2012,236,54,38,106,72,72,16,23,234,254,clearing,116.4333333,123.10736511342218,31.85833333
64,2013,182,46,41,102,79,59,27,16,199,223,clearing,131.725,127.38979762166052,42.20833333
64,2014,142,53,35,69,86,62,13,14,135,239,clearing,139.525,118.41230375192951,20.40833333
64,2015,151,38,43,78,80,53,11,27,150,172,clearing,149.875,116.8930787786832,20.40833333
64,2016,151,20,47,92,101,57,27,26,126,193,clearing,165.0166667,122.70100451933119,217.325
64,2017,156,26,34,68,74,54,14,16,169,176,clearing,171.83333330000005,120.9128480199244,171.83333330000005
64,2018,165,20,46,57,98,63,20,16,139,211,clearing,169.9,125.52612302692994,169.9
65,2011,302,139,161,308,93,127,19,110,410,785,west lawn,89.57272727,60.467830723019844,134.15
65,2012,326,72,152,197,108,111,21,94,324,797,west lawn,95.86666667,113.18829844825738,196.6
65,2013,272,93,89,199,98,85,30,101,299,768,west lawn,108.7416667,88.61024374275364,196.6
65,2014,215,100,87,153,111,111,26,56,276,752,west lawn,118.2,109.27370972705755,196.6
65,2015,277,69,117,143,119,97,24,65,278,655,west lawn,125.875,143.82753089065153,196.6
65,2016,303,43,99,177,147,107,31,101,352,556,west lawn,138.325,156.06189820195067,142.54166669999995
65,2017,254,55,93,124,125,109,31,87,283,498,west lawn,142.54166669999995,134.4905738803456,142.54166669999995
65,2018,283,37,90,153,100,126,37,50,207,489,west lawn,140.83333330000005,112.74115221373647,142.54166669999995
66,2011,1806,1510,564,969,194,605,215,450,1020,1447,chicago lawn,37.07272727,-47.248556614635916,16.22727273
66,2012,1601,1129,411,692,255,532,251,415,902,1342,chicago lawn,39.01666667,65.17529427538027,16.22727273
66,2013,1454,809,285,552,207,479,183,348,773,1241,chicago lawn,46.6,4.74391208424565,10.74166667
66,2014,1251,652,245,516,298,395,149,254,700,1056,chicago lawn,54.875,46.03402794002538,30.825
66,2015,1261,617,287,411,296,407,126,244,682,877,chicago lawn,64.85833333,55.17523109599931,28.44166667
66,2016,1282,242,268,514,283,457,112,287,782,874,chicago lawn,67.26666667,110.08462155410886,67.26666667
66,2017,1228,226,253,420,306,460,126,279,743,903,chicago lawn,77.26666667,82.54966243954475,37.49090909
66,2018,1247,236,273,326,277,578,94,279,654,982,chicago lawn,85.16666667,15.344127308794825,158.3916667
67,2011,2242,1392,396,948,202,746,317,426,1211,1647,west englewood,10.65454545,-286.6692819885946,14.56363636
67,2012,2228,1373,328,743,209,654,266,449,975,1533,west englewood,10.60833333,-99.46473323194444,14.56363636
67,2013,2004,1095,297,577,204,595,258,465,879,1532,west englewood,11.525,11.887729589229977,11.525
67,2014,1747,1024,213,437,239,588,178,303,733,1100,west englewood,11.33333333,-48.94693776256538,10.74166667
67,2015,1674,1165,229,360,279,512,126,262,769,899,west englewood,17.09166667,-112.32451579374977,10.74166667
67,2016,1655,516,263,464,267,587,156,354,800,886,west englewood,21.15833333,56.04308737577155,61.90909091
67,2017,1626,504,202,317,273,586,149,294,888,937,west englewood,28.25,-23.074927867987597,38.18333333
67,2018,1662,455,223,276,247,693,204,265,759,1071,west englewood,28.36666667,-66.193714694892,69.725
68,2011,2110,1009,376,719,165,677,293,498,971,1409,englewood,8.009090909,85.81815904429747,14.56363636
68,2012,2084,1049,320,655,205,626,280,420,911,1395,englewood,8.858333333,-9.015968215608908,14.56363636
68,2013,2009,844,271,397,194,603,279,405,789,1372,englewood,9.15,9.143988229901126,9.15
68,2014,1712,787,209,379,274,574,175,357,625,1089,englewood,10.74166667,65.36191299276759,10.74166667
68,2015,1622,886,248,353,250,556,150,289,711,914,englewood,12.09166667,24.722451887107283,38.18333333
68,2016,1579,483,208,306,238,605,160,307,661,780,englewood,16.375,40.68458955916792,38.65833333
68,2017,1482,315,197,231,202,575,134,259,651,805,englewood,21.08333333,21.108568465059918,21.08333333
68,2018,1566,409,198,215,212,595,118,201,663,877,englewood,23.16666667,63.764207581013736,21.08333333
69,2011,1869,1083,560,655,243,636,351,502,820,1238,greater grand crossing,19.47272727,255.77096828077555,14.56363636
69,2012,1873,1056,394,529,373,579,302,514,873,1333,greater grand crossing,21.525,149.3226477454147,34.06666667
69,2013,1719,804,300,429,333,540,281,405,731,1311,greater grand crossing,28.44166667,28.76259751761897,28.44166667
69,2014,1500,606,223,367,368,511,204,317,672,1074,greater grand crossing,30.825,30.889167861357393,30.825
69,2015,1610,439,238,387,309,548,164,299,784,1057,greater grand crossing,31.41666667,51.17871940239199,37.49090909
69,2016,1624,249,224,359,305,562,181,381,822,1027,greater grand crossing,44.61666667,-21.817961950918132,37.49090909
69,2017,1585,217,247,334,270,637,148,393,773,965,greater grand crossing,50.025,-66.16281325811072,34.70833333
69,2018,1545,295,234,281,260,633,132,242,749,952,greater grand crossing,46.0,7.915680809978923,46.0
70,2011,463,220,179,327,128,174,66,126,430,636,ashburn,86.95454545,112.4493953320263,91.72727273
70,2012,401,142,149,301,139,205,62,123,369,596,ashburn,92.60833333,92.50096408001916,92.60833333
70,2013,370,155,146,298,122,161,56,137,434,637,ashburn,102.3333333,102.0279343883805,127.975
70,2014,357,158,113,219,201,161,55,78,364,569,ashburn,112.3333333,163.82413180699876,127.975
70,2015,386,120,116,149,162,162,54,81,321,460,ashburn,121.96666670000002,135.7312266356086,167.7666667
70,2016,426,44,275,202,170,199,45,125,386,562,ashburn,133.4833333,109.02728062096791,145.91666669999995
70,2017,448,33,188,195,194,169,43,111,379,468,ashburn,145.91666669999995,145.36919550722013,145.91666669999995
70,2018,450,40,107,130,186,207,60,100,323,485,ashburn,138.4666667,128.33602829019145,167.7666667
71,2011,1922,1454,536,908,295,654,287,474,931,1548,auburn gresham,32.45454545,32.556573206659934,32.45454545
71,2012,1971,1296,390,691,278,641,278,428,986,1430,auburn gresham,30.9,-54.12711052481684,14.56363636
71,2013,1825,1020,295,460,285,585,209,477,851,1559,auburn gresham,34.06666667,33.90259462925239,34.06666667
71,2014,1783,762,279,467,406,584,200,379,772,1364,auburn gresham,40.39166667,8.703739380099407,28.44166667
71,2015,1681,682,299,551,383,638,214,370,888,1074,auburn gresham,49.375,4.903715776322471,28.44166667
71,2016,1727,307,270,504,388,640,178,383,989,1154,auburn gresham,52.025,9.401403910930796,49.88333333
71,2017,1682,345,280,340,347,710,228,349,860,1207,auburn gresham,61.025,-110.6012303683245,158.3916667
71,2018,1656,412,225,318,382,717,187,304,815,1188,auburn gresham,60.06666667,-20.22298605392355,69.725
72,2011,137,38,41,142,87,56,37,42,162,358,beverly,130.7454545,122.31285689016583,20.40833333
72,2012,131,27,67,113,81,70,27,43,166,361,beverly,129.03333329999998,119.40882787420848,146.05833330000004
72,2013,127,29,27,66,73,70,22,56,110,298,beverly,149.7,100.97917946662089,149.7
72,2014,99,27,25,77,103,53,21,24,114,253,beverly,148.775,122.17146562299347,195.8
72,2015,101,14,24,62,109,61,38,20,146,323,beverly,150.05,144.53752905138498,150.05
72,2016,110,18,47,98,111,56,27,22,136,244,beverly,152.91666669999995,132.5473732975599,217.325
72,2017,98,10,41,64,100,63,29,24,129,238,beverly,157.70833330000005,128.63166421332352,157.70833330000005
72,2018,114,12,39,62,103,57,35,9,123,242,beverly,143.8666667,134.75601419102094,143.8666667
73,2011,718,400,250,407,147,247,78,170,512,758,washington heights,37.49090909,75.34150591462019,37.49090909
73,2012,733,386,200,283,159,263,86,223,450,738,washington heights,42.9875,91.67758443599375,47.33333333
73,2013,660,408,124,218,172,271,75,228,421,852,washington heights,52.73333333,55.44505139702157,52.73333333
73,2014,561,293,139,169,191,228,104,128,318,665,washington heights,57.99166667,111.94302149336652,134.9916667
73,2015,603,244,134,177,241,255,79,106,396,491,washington heights,65.63333333,116.87429362624168,25.3
73,2016,586,126,154,179,204,221,94,151,451,565,washington heights,83.3875,127.94564977830957,83.03333333
73,2017,603,64,145,194,180,214,81,138,408,609,washington heights,77.87916667,132.28520912156745,77.87916667
73,2018,616,77,157,169,224,256,130,92,383,628,washington heights,83.03333333,146.1462930249101,83.03333333
74,2011,125,37,15,29,37,59,19,9,125,164,mount greenwood,147.38181819999997,110.30662162468086,24.80833333
74,2012,107,17,16,20,36,48,19,10,116,211,mount greenwood,139.85,116.4165183711904,149.7
74,2013,96,16,4,38,43,37,15,9,98,179,mount greenwood,154.95833330000005,113.17213172620693,149.7
74,2014,90,18,19,35,57,52,26,4,94,173,mount greenwood,163.2583333,116.26212640750343,171.83333330000005
74,2015,87,13,11,19,81,62,19,6,62,158,mount greenwood,175.9666667,113.37804198284873,167.4833333
74,2016,107,12,8,30,79,26,17,10,82,163,mount greenwood,176.9833333,119.34623734351196,179.1
74,2017,91,4,18,21,73,43,25,7,67,159,mount greenwood,180.8,115.92678945649475,179.1
74,2018,74,5,14,25,69,38,33,7,71,157,mount greenwood,179.1,118.25690562908737,179.1
75,2011,535,229,130,278,113,190,70,98,328,646,morgan park,73.72727273,81.27028054594045,114.03333329999998
75,2012,433,213,144,201,147,166,59,93,318,640,morgan park,54.10833333,114.48194847766642,91.72727273
75,2013,429,218,89,121,149,189,45,84,257,635,morgan park,66.53333333,93.13243883995817,92.60833333
75,2014,377,178,76,113,136,142,60,56,209,529,morgan park,94.99166667,107.69831380104658,91.72727273
75,2015,345,138,71,99,185,171,41,59,236,491,morgan park,96.16666667,130.1771336178055,142.54166669999995
75,2016,391,65,67,110,192,155,45,50,255,406,morgan park,114.46666670000002,149.10931954408733,142.54166669999995
75,2017,397,35,80,117,159,153,51,61,286,491,morgan park,112.4416667,154.1980461809573,167.7666667
75,2018,402,48,79,91,161,168,77,27,238,528,morgan park,100.3,156.66412853036962,251.8333333
76,2011,166,158,38,18,120,54,170,10,125,562,ohare,153.2,246.12061204599667,127.975
76,2012,150,198,69,29,129,64,96,10,124,583,ohare,191.05,185.51910111041724,127.975
76,2013,147,222,63,23,121,64,82,8,112,563,ohare,197.8083333,159.708513000128,127.975
76,2014,160,190,94,19,123,66,145,8,115,462,ohare,176.20833330000005,209.6703437425196,54.45833333
76,2015,170,138,46,17,160,78,177,17,112,517,ohare,223.225,231.0635798822106,204.85
76,2016,172,173,102,19,248,76,142,13,120,548,ohare,215.9,244.21933564444697,127.975
76,2017,197,139,77,16,254,86,153,6,94,501,ohare,204.85,204.73921222089047,204.85
76,2018,205,65,67,16,242,82,96,4,113,584,ohare,237.6333333,213.53146891135037,280.125
77,2011,557,191,165,234,163,158,79,128,309,996,edgewater,124.3818182,85.20996933922213,124.3818182
77,2012,525,151,123,271,161,176,87,98,354,999,edgewater,142.125,108.48426257976023,142.125
77,2013,433,103,90,173,170,152,99,100,231,868,edgewater,163.93333330000004,100.52590567773511,197.925
77,2014,394,111,78,100,207,129,61,62,219,714,edgewater,177.75,150.70105389291638,197.925
77,2015,374,58,95,109,198,148,82,54,218,684,edgewater,187.0916667,167.13206331049076,197.925
77,2016,388,45,97,131,280,140,59,92,213,717,edgewater,192.9583333,163.43494423878946,200.7666667
77,2017,441,33,88,108,304,136,97,92,236,885,edgewater,200.7666667,220.2640675516297,200.7666667
77,2018,477,17,96,154,294,190,113,76,293,839,edgewater,193.7666667,241.1662039623472,210.6
