community,year,BATTERY,HOMICIDE,OFFENSE INVOLVING CHILDREN,NARCOTICS,PROSTITUTION,INTERFERENCE WITH PUBLIC OFFICER,MOTOR VEHICLE THEFT,BURGLARY,GAMBLING,HUMAN TRAFFICKING,DECEPTIVE PRACTICE,CRIM SEXUAL ASSAULT,ARSON,WEAPONS VIOLATION,NON-CRIMINAL,PUBLIC INDECENCY,PUBLIC PEACE VIOLATION,NON-CRIMINAL (SUBJECT SPECIFIED),ASSAULT,CRIMINAL TRESPASS,ROBBERY,KIDNAPPING,OTHER NARCOTIC VIOLATION,NON - CRIMINAL,STALKING,OBSCENITY,LIQUOR LAW VIOLATION,OTHER OFFENSE,SEX OFFENSE,CRIMINAL DAMAGE,THEFT,INTIMIDATION,CONCEALED CARRY LICENSE VIOLATION,name,price_nx_yr
1,2011,994,4,29,475,5,21,175,258,9,0,192,26,7,43,0,0,54,0,283,162,251,3,0,0,4,2,14,384,22,568,1135,3,0,rogers park,69.37272727
1,2012,991,6,26,485,30,33,142,212,6,0,159,17,5,73,0,0,48,0,340,183,202,4,0,0,3,1,21,361,24,500,1049,4,0,rogers park,94.91666667
1,2013,866,4,24,362,12,27,91,187,0,0,189,20,5,56,0,0,40,0,303,190,136,2,0,0,2,0,11,322,33,536,1013,2,0,rogers park,113.925
1,2014,794,8,32,285,28,20,117,181,0,0,235,29,1,40,1,0,22,0,263,141,117,2,0,0,2,0,8,252,12,385,828,1,0,rogers park,135.4
1,2015,675,6,24,219,10,15,113,166,2,0,233,28,4,29,0,0,28,0,238,123,106,0,0,0,3,0,6,242,19,446,855,1,0,rogers park,145.75
1,2016,760,5,34,91,15,12,112,183,0,0,260,31,2,34,0,1,16,0,234,133,159,1,0,0,4,2,5,234,24,403,915,1,0,rogers park,149.7333333
1,2017,703,4,25,68,3,15,122,182,0,0,270,33,1,36,0,0,15,0,268,179,168,2,1,0,1,1,2,221,28,586,1212,2,0,rogers park,160.7416667
1,2018,731,6,28,63,0,15,103,174,0,0,226,24,3,29,1,0,17,0,283,156,144,1,0,0,3,1,0,211,40,470,1072,1,0,rogers park,164.6
2,2011,686,0,28,278,2,16,236,433,0,0,193,23,9,33,0,0,33,0,204,93,140,3,0,0,1,2,11,305,22,626,1045,2,0,west ridge,68.59090909
2,2012,658,6,35,230,13,14,201,348,3,0,172,16,4,18,0,0,26,1,254,68,142,5,0,0,5,1,7,266,14,544,978,2,0,west ridge,84.81666667
2,2013,670,1,33,216,1,13,135,260,0,0,176,13,2,28,0,0,24,0,227,92,151,1,0,0,2,0,5,263,11,494,992,1,0,west ridge,108.525
2,2014,594,3,34,177,3,17,137,277,1,0,208,14,1,26,0,0,23,0,204,80,113,3,0,0,3,1,5,227,12,440,808,2,0,west ridge,123.74166670000001
2,2015,553,4,37,160,2,9,123,238,4,0,198,13,4,33,0,1,33,0,168,60,91,0,0,0,0,1,2,236,22,434,683,1,1,west ridge,124.64166670000002
2,2016,553,7,38,89,1,3,165,195,0,0,288,20,3,34,1,0,13,0,203,81,127,6,0,0,2,3,8,225,23,463,734,2,0,west ridge,128.96666670000002
2,2017,589,2,32,52,2,4,193,193,1,0,299,17,1,23,0,0,16,0,242,125,115,4,0,0,3,0,4,248,25,485,915,2,0,west ridge,146.33333330000002
2,2018,618,6,32,52,0,6,172,259,2,0,284,17,6,32,0,0,6,0,264,78,133,3,0,0,3,3,11,258,14,443,811,4,1,west ridge,150.83333330000002
3,2011,673,5,18,697,7,10,203,227,2,0,268,35,4,33,0,1,44,0,282,137,145,2,0,0,5,0,8,285,20,395,1268,3,0,uptown,153.6909091
3,2012,736,5,31,735,7,10,270,217,1,0,266,20,4,44,0,0,27,0,244,137,140,2,0,0,4,3,2,245,27,447,1350,3,0,uptown,168.08333330000002
3,2013,670,1,32,482,4,12,190,132,1,0,305,24,1,23,0,1,46,0,277,149,123,1,0,0,1,0,4,281,19,368,1142,1,0,uptown,180.56666669999998
3,2014,613,5,22,524,2,14,105,114,0,0,272,23,5,21,1,0,31,0,212,180,105,0,1,0,0,0,1,240,23,330,969,1,1,uptown,182.19166669999998
3,2015,674,13,35,286,2,10,155,119,2,0,331,30,2,21,0,0,31,0,236,143,115,2,0,0,0,0,3,223,17,325,886,2,0,uptown,199.1583333
3,2016,679,8,24,116,0,2,108,136,1,0,357,27,2,25,3,0,23,0,252,125,144,1,0,0,1,1,2,189,20,306,1015,0,0,uptown,203.95833330000002
3,2017,663,5,21,70,1,12,106,160,0,0,400,48,1,23,0,0,31,0,275,118,103,1,0,0,1,0,3,210,26,318,968,3,0,uptown,213.2333333
3,2018,714,2,26,66,0,14,123,175,1,0,389,41,3,27,0,0,19,0,257,136,106,1,0,0,1,2,0,212,24,302,986,3,0,uptown,202.5333333
4,2011,316,1,4,153,3,4,143,173,1,0,104,12,1,9,0,0,24,0,100,52,43,4,0,0,1,0,9,172,13,298,673,2,0,lincoln square,174.3909091
4,2012,354,0,11,111,1,5,143,214,1,0,97,8,1,11,0,0,15,0,124,49,54,2,0,0,1,0,9,131,11,282,703,1,0,lincoln square,197.925
4,2013,354,2,18,61,1,5,99,167,1,0,111,6,0,7,0,2,8,0,111,49,45,3,0,0,1,0,5,150,15,306,692,0,0,lincoln square,227.45
4,2014,327,0,16,104,1,9,67,123,2,0,145,10,1,9,1,1,14,0,87,39,30,4,0,0,2,0,7,125,19,243,512,0,0,lincoln square,227.5083333
4,2015,289,1,20,79,2,5,58,89,1,0,147,7,1,10,0,0,5,0,99,51,42,1,1,0,1,0,1,106,12,237,504,1,0,lincoln square,231.2833333
4,2016,296,1,12,42,0,4,79,117,1,0,254,18,1,17,1,0,8,0,96,57,52,4,0,0,2,1,2,136,7,249,531,1,1,lincoln square,238.825
4,2017,288,1,10,33,0,5,86,109,0,0,224,19,2,9,0,0,7,0,125,70,63,2,0,0,3,1,2,113,9,200,616,2,0,lincoln square,251.31666669999998
4,2018,324,2,9,36,0,3,77,129,0,0,206,17,2,9,1,0,6,0,113,55,39,0,0,0,2,0,4,118,15,205,554,5,0,lincoln square,251.83333330000002
5,2011,197,0,4,58,2,2,112,270,0,0,113,15,1,4,0,0,15,0,73,54,32,2,0,0,3,0,2,120,9,230,629,1,0,north center,231.2227273
5,2012,196,0,16,70,0,3,123,246,0,0,91,6,4,4,0,0,8,0,68,46,44,2,0,0,4,0,6,80,6,211,683,3,0,north center,248.5333333
5,2013,149,1,10,42,1,2,103,171,0,0,88,5,2,6,0,0,8,0,53,38,41,1,0,0,1,0,7,68,7,238,681,1,0,north center,253.3041667
5,2014,142,0,13,32,1,3,62,153,0,0,120,8,1,2,0,0,5,0,54,39,24,0,0,0,0,0,2,68,7,254,548,3,0,north center,265.5083333
5,2015,137,0,11,39,0,2,58,92,0,0,136,6,6,1,0,0,6,0,53,38,43,0,0,0,2,0,2,52,9,178,521,3,0,north center,285.9375
5,2016,121,0,3,29,0,1,58,109,0,0,210,6,0,5,0,0,4,0,59,38,48,1,0,0,1,1,2,64,2,164,474,3,0,north center,288.0125
5,2017,114,0,12,19,0,0,58,126,0,0,186,10,1,4,1,0,7,0,60,42,52,0,0,0,1,0,1,64,6,125,537,0,0,north center,275.9125
5,2018,133,1,5,13,1,3,41,103,0,0,138,4,0,3,2,1,3,0,62,44,35,2,0,0,2,0,3,69,10,124,520,1,0,north center,264.6666667
6,2011,950,2,8,289,31,11,341,537,0,0,514,24,3,18,0,1,83,0,234,198,317,1,2,0,2,0,22,278,25,714,2919,4,0,lake view,220.5272727
6,2012,979,3,12,301,12,7,353,705,2,0,443,26,5,24,1,2,49,0,245,208,346,2,1,0,9,1,15,253,32,745,2912,3,0,lake view,239.575
6,2013,906,0,13,213,3,14,302,387,1,0,565,22,1,10,1,0,61,0,201,210,356,2,1,0,1,1,14,221,19,616,2680,3,0,lake view,252.3583333
6,2014,715,0,15,168,6,5,150,360,0,0,512,34,13,13,3,2,61,0,189,193,234,1,1,0,1,1,33,202,20,568,2196,2,0,lake view,262.575
6,2015,771,1,15,128,1,16,191,299,0,1,529,45,10,13,1,1,45,0,209,198,195,1,0,0,3,1,19,185,21,515,2171,5,0,lake view,268.9
6,2016,817,1,17,71,2,16,204,409,0,0,762,42,3,20,3,0,45,0,199,186,270,2,2,0,2,2,20,220,20,593,2150,3,0,lake view,281.5833333
6,2017,759,0,14,39,2,3,207,319,0,0,766,52,2,11,3,0,30,0,210,170,237,0,0,0,5,0,10,219,24,401,2262,1,1,lake view,287.6666667
6,2018,795,1,12,39,0,7,210,325,0,0,747,56,2,12,1,0,28,0,257,220,192,1,0,0,4,3,10,228,29,425,2320,6,2,lake view,279.7333333
7,2011,417,2,9,99,3,4,274,430,0,0,328,14,4,2,0,2,32,0,129,119,150,4,0,0,5,0,21,161,17,559,2497,2,0,lincoln park,266.8909091
7,2012,396,0,8,102,1,3,259,563,1,0,284,21,1,4,0,1,16,0,135,139,138,2,2,0,5,1,11,132,6,540,2239,0,0,lincoln park,286.3583333
7,2013,390,0,6,71,2,5,211,297,1,0,327,13,0,7,0,0,16,0,108,110,129,2,0,0,2,0,21,124,21,493,2124,0,0,lincoln park,311.0
7,2014,377,1,6,62,1,2,137,202,0,0,314,17,1,7,0,1,14,0,119,112,98,3,1,0,1,0,20,142,22,446,1984,1,0,lincoln park,317.0416667
7,2015,340,0,12,50,0,2,110,213,0,0,338,22,2,6,0,1,14,0,78,86,116,2,0,0,1,0,22,113,22,459,1755,0,0,lincoln park,321.3583333
7,2016,351,0,9,29,0,1,144,256,0,0,519,29,8,6,0,0,11,0,105,113,134,1,0,0,3,0,8,128,9,424,1957,2,0,lincoln park,336.28333330000004
7,2017,375,1,4,30,0,1,176,210,0,1,498,28,1,6,1,0,13,0,135,84,148,6,0,0,3,2,5,100,15,390,2239,2,2,lincoln park,342.7416667
7,2018,362,1,7,23,1,3,160,280,0,0,482,20,1,13,0,1,21,0,190,130,166,1,0,0,4,1,12,124,33,462,2496,2,0,lincoln park,338.7
8,2011,1289,3,23,430,125,25,250,212,6,0,1324,32,3,31,0,2,72,0,365,524,350,1,0,0,10,0,38,396,30,639,5048,2,0,near north side,288.4
8,2012,1334,5,36,306,92,21,136,258,7,0,1254,40,2,28,3,1,75,0,315,453,267,6,1,0,10,0,36,353,21,701,5522,5,0,near north side,324.225
8,2013,1178,5,27,238,71,26,159,243,2,0,1171,43,1,27,1,1,85,0,323,577,197,2,0,0,5,1,32,331,29,466,4873,2,0,near north side,345.3666667
8,2014,1192,5,30,216,81,26,151,158,0,0,1110,43,4,30,2,1,51,0,324,416,176,0,2,0,7,0,35,326,25,494,4081,3,2,near north side,350.825
8,2015,1054,1,15,258,68,20,153,183,0,0,1210,54,7,28,2,1,56,0,335,354,204,8,0,1,4,1,25,276,23,512,4216,6,1,near north side,353.85
8,2016,1237,5,22,122,13,18,294,202,2,0,1583,91,4,38,2,0,47,0,377,252,294,3,0,0,6,1,29,316,32,658,4905,6,3,near north side,365.7666667
8,2017,1388,5,27,138,0,18,337,241,3,0,1793,101,6,27,1,3,56,0,461,358,414,4,1,0,14,4,17,317,37,636,5895,7,1,near north side,367.9916667
8,2018,1570,5,23,130,0,24,325,213,4,0,2025,104,4,42,1,1,56,0,552,354,383,7,0,0,14,4,31,392,47,609,6131,11,1,near north side,359.7
9,2011,75,0,1,5,0,0,7,33,0,0,30,1,2,0,0,0,1,0,17,13,0,1,0,0,0,0,3,27,0,71,82,0,0,edison park,186.5363636
9,2012,64,0,2,7,0,0,8,20,0,0,27,1,0,0,0,0,1,0,14,13,4,1,0,0,0,0,0,33,2,56,70,0,0,edison park,196.3583333
9,2013,56,0,3,5,0,0,6,14,0,0,24,0,0,0,0,0,1,0,11,13,1,0,0,0,1,0,0,32,4,54,74,0,0,edison park,228.2833333
9,2014,34,0,1,4,0,0,3,16,0,0,30,1,0,0,0,0,4,0,11,12,1,0,0,0,0,0,0,31,1,39,56,0,0,edison park,219.1416667
9,2015,49,0,6,5,0,0,9,15,0,0,41,1,0,1,0,0,4,0,18,6,1,0,0,0,0,0,0,24,0,33,45,0,0,edison park,211.5333333
9,2016,40,0,2,2,0,0,12,19,0,0,44,1,0,0,0,0,1,0,27,7,4,0,0,0,1,0,0,31,1,46,68,1,0,edison park,227.54166669999998
9,2017,45,0,2,2,1,0,9,4,0,0,34,3,3,1,0,0,1,0,20,12,3,1,0,0,0,0,0,30,3,36,65,0,0,edison park,230.1583333
9,2018,63,0,1,1,0,0,13,12,0,0,29,0,1,0,0,0,2,0,17,11,1,0,0,0,0,0,0,20,0,32,50,0,0,edison park,218.1333333
10,2011,203,0,11,32,0,1,43,137,0,0,89,4,2,1,0,0,12,0,79,35,19,2,0,0,0,0,3,132,9,260,375,0,0,norwood park,158.1454545
10,2012,224,1,16,41,3,3,40,97,0,0,83,4,4,3,0,0,6,0,94,40,17,3,0,0,1,0,1,118,9,229,426,2,0,norwood park,181.54166669999998
10,2013,205,0,18,53,0,3,37,75,0,0,67,7,0,7,0,0,14,0,66,28,4,2,0,0,1,0,2,115,9,162,355,1,0,norwood park,207.66666669999998
10,2014,192,1,12,58,10,1,30,90,0,0,111,6,1,1,1,0,7,0,73,42,13,3,0,0,3,1,4,96,6,176,315,0,0,norwood park,203.3916667
10,2015,175,0,14,48,4,2,25,94,0,0,123,7,1,4,0,0,7,0,83,49,9,1,0,0,1,1,4,103,11,188,323,1,0,norwood park,211.06666669999998
10,2016,187,1,12,24,0,2,43,96,0,0,161,3,0,0,0,0,5,0,77,41,15,5,0,0,2,0,2,105,4,195,341,1,0,norwood park,218.08333330000002
10,2017,172,1,9,17,2,1,32,70,0,1,147,10,1,4,1,0,3,0,80,34,14,5,0,0,1,1,0,92,9,138,260,0,0,norwood park,217.325
10,2018,179,0,6,17,0,0,48,76,0,0,115,3,4,3,1,0,8,0,105,52,10,4,0,0,1,0,0,85,8,135,311,0,0,norwood park,212.7
11,2011,184,2,19,52,0,6,65,132,0,0,91,3,1,3,0,0,6,0,59,30,17,0,0,0,4,0,1,135,3,207,279,1,0,jefferson park,131.7454545
11,2012,213,0,17,56,1,0,75,136,0,0,57,4,1,5,0,0,6,0,63,42,27,2,0,0,2,1,5,106,4,221,365,1,0,jefferson park,148.9
11,2013,193,1,24,95,1,2,57,113,0,0,61,2,2,7,0,0,5,0,64,56,27,0,0,0,2,0,1,120,2,154,346,1,0,jefferson park,161.5916667
11,2014,187,1,14,60,0,3,53,103,0,0,79,2,3,11,1,0,7,0,67,48,21,1,0,0,1,2,1,83,8,146,328,0,0,jefferson park,169.525
11,2015,173,1,21,64,0,7,42,82,1,0,100,3,1,5,0,0,8,0,56,38,24,4,0,3,2,0,2,83,8,135,294,0,0,jefferson park,181.45
11,2016,147,1,7,23,0,4,45,75,0,0,108,3,0,3,1,0,4,0,79,33,23,6,0,0,2,0,0,74,8,135,292,0,0,jefferson park,189.1583333
11,2017,156,1,9,23,1,5,49,58,0,0,129,8,1,4,0,0,5,0,70,25,18,1,0,0,1,1,0,95,4,130,265,1,0,jefferson park,198.3666667
11,2018,157,1,12,15,0,4,51,63,0,1,99,9,0,4,0,0,7,0,89,50,18,2,0,0,0,1,4,83,5,130,291,1,0,jefferson park,194.9666667
12,2011,71,0,6,20,0,0,18,105,0,0,34,2,0,0,0,0,3,0,23,10,6,0,0,0,0,0,0,51,2,118,136,0,0,forest glen,229.35
12,2012,51,0,2,15,0,2,24,100,0,0,46,1,2,0,0,0,2,0,26,12,3,1,0,0,1,0,0,47,1,85,180,0,0,forest glen,215.1625
12,2013,44,0,1,12,0,1,23,76,0,0,33,1,0,2,0,0,2,0,19,7,5,2,0,0,1,0,1,24,1,65,123,0,0,forest glen,245.825
12,2014,43,0,2,9,0,0,9,72,0,0,63,1,0,2,0,0,1,0,23,9,2,1,0,0,0,0,1,33,1,78,111,0,0,forest glen,247.0
12,2015,57,0,5,10,1,1,15,51,0,0,50,2,0,0,0,0,0,0,25,19,3,0,0,0,1,0,0,28,0,57,125,0,0,forest glen,235.72916669999998
12,2016,63,0,2,9,0,0,30,76,0,0,65,0,0,1,1,0,1,0,33,24,7,0,0,0,0,0,0,41,2,73,146,0,0,forest glen,245.8458333
12,2017,50,0,3,6,0,0,25,47,0,0,77,3,1,4,1,0,1,0,38,27,8,1,0,0,0,0,0,35,2,59,158,2,0,forest glen,244.0083333
12,2018,42,0,2,2,0,0,29,53,0,0,67,4,0,1,0,0,0,0,25,25,5,0,0,0,5,0,0,32,2,44,155,1,0,forest glen,224.0
13,2011,125,1,7,46,2,0,65,143,2,0,32,3,0,6,0,0,2,0,52,26,32,0,0,0,2,2,2,77,5,187,296,1,0,north park,136.3545455
13,2012,130,0,4,49,2,1,64,159,1,0,41,5,1,7,0,0,5,0,36,22,23,2,0,0,1,0,4,71,2,123,328,1,0,north park,136.05833330000002
13,2013,117,0,14,35,2,3,41,90,0,0,33,6,0,3,0,0,8,0,49,17,20,1,0,0,0,0,4,57,10,111,296,0,0,north park,151.3666667
13,2014,99,0,3,36,0,0,42,103,2,0,53,5,2,8,0,0,5,0,46,15,19,2,0,0,3,0,2,43,4,110,271,0,0,north park,165.325
13,2015,113,0,11,36,2,1,35,87,2,0,59,6,1,3,0,0,1,0,34,16,23,0,0,0,1,0,0,44,2,119,246,1,0,north park,177.2583333
13,2016,131,1,12,30,0,1,39,71,0,0,95,4,1,6,0,0,1,0,50,17,31,0,0,0,0,0,3,55,3,114,307,2,0,north park,181.8416667
13,2017,135,1,6,17,1,0,61,68,0,0,61,4,8,4,1,0,1,0,54,32,26,1,0,0,0,0,2,56,7,99,323,0,0,north park,186.9083333
13,2018,130,2,8,12,0,0,49,79,0,0,88,10,1,10,1,0,2,0,53,29,28,0,0,0,1,0,2,68,6,114,305,1,0,north park,177.1333333
14,2011,536,2,27,225,7,7,211,287,1,0,95,14,5,23,0,0,28,0,162,71,127,0,0,0,1,0,12,207,16,451,579,3,0,albany park,91.72727273
14,2012,556,5,20,191,8,7,221,245,0,0,78,10,9,32,0,0,25,0,147,45,114,2,0,0,2,0,12,184,11,402,617,2,0,albany park,114.03333329999998
14,2013,501,4,34,168,14,7,177,169,2,0,92,9,7,14,0,0,30,0,140,43,125,3,0,0,0,0,9,168,17,367,589,3,0,albany park,134.9916667
14,2014,436,2,22,153,25,9,116,141,1,0,118,12,2,21,0,0,35,0,145,47,94,3,0,0,1,0,11,147,14,340,506,2,0,albany park,159.85
14,2015,496,5,22,119,4,4,144,176,1,0,114,16,6,23,0,1,18,0,172,52,70,2,0,0,0,0,3,139,16,381,550,1,1,albany park,165.79166669999998
14,2016,454,3,26,45,0,4,144,125,0,0,152,19,3,17,1,0,8,0,145,36,166,2,0,0,3,1,0,133,17,347,564,3,0,albany park,175.66666669999998
14,2017,430,1,28,27,0,1,175,147,1,0,143,16,4,23,0,0,6,0,124,38,144,1,0,0,0,1,2,161,27,287,693,1,0,albany park,178.425
14,2018,481,4,15,32,0,2,136,149,0,0,150,11,1,31,1,0,10,0,152,47,132,2,0,0,0,0,4,151,15,330,558,3,0,albany park,185.3666667
15,2011,668,2,38,258,1,10,298,437,0,0,151,11,7,24,0,0,20,0,247,81,103,3,0,0,2,0,14,350,18,595,1049,4,0,portage park,110.3909091
15,2012,629,4,32,228,2,14,331,355,0,0,177,12,4,23,0,0,31,0,202,80,109,4,0,0,2,0,10,288,20,532,1071,0,0,portage park,123.73333329999998
15,2013,616,3,31,370,1,14,248,260,0,0,160,11,8,32,0,0,28,0,227,105,84,5,0,0,4,0,14,301,14,459,976,4,0,portage park,141.65
15,2014,570,2,40,221,2,10,159,242,0,0,222,14,4,21,0,0,21,0,186,73,63,10,0,1,2,2,4,241,16,445,816,3,0,portage park,153.54166669999998
15,2015,572,3,25,209,2,7,155,251,0,0,229,23,3,24,0,0,14,0,196,79,87,4,0,0,5,4,4,259,12,475,810,1,0,portage park,161.4916667
15,2016,546,1,36,82,0,5,185,228,0,0,266,18,5,19,0,0,7,0,214,69,85,4,0,0,0,2,3,271,16,434,750,2,0,portage park,178.56666669999998
15,2017,559,1,37,78,0,5,237,234,0,0,283,18,4,17,0,1,10,0,241,76,72,4,0,0,1,2,2,258,18,416,790,5,1,portage park,182.7166667
15,2018,560,1,25,45,1,5,144,202,0,0,253,17,13,36,1,0,16,0,253,76,81,3,0,0,3,2,8,227,14,397,811,5,0,portage park,172.56666669999998
16,2011,706,3,25,284,2,8,402,455,1,0,136,17,10,23,0,0,55,0,206,73,146,3,0,0,4,0,13,261,22,601,854,0,0,irving park,113.3090909
16,2012,647,2,20,205,2,6,425,417,0,0,127,19,3,23,0,1,64,0,178,72,97,1,0,0,4,0,11,211,25,516,860,3,0,irving park,137.1333333
16,2013,548,2,26,172,1,9,322,289,0,0,125,11,4,12,0,0,41,0,168,44,132,2,0,0,3,0,8,204,8,477,882,2,0,irving park,162.0166667
16,2014,515,1,30,127,2,6,190,174,1,0,156,15,6,10,0,0,18,0,137,50,83,3,0,0,2,0,9,168,20,411,718,1,0,irving park,177.6083333
16,2015,556,7,31,118,1,7,198,195,0,0,165,24,11,13,0,0,20,0,167,42,83,2,1,0,1,1,5,185,15,408,763,0,0,irving park,190.175
16,2016,536,5,29,63,1,7,201,212,1,0,238,16,6,19,1,0,11,0,186,54,108,3,0,0,0,0,1,207,16,413,655,2,0,irving park,201.43333330000002
16,2017,467,2,24,29,0,2,194,209,2,0,245,13,11,14,0,0,11,0,164,57,112,2,0,0,2,1,2,213,25,395,808,4,0,irving park,208.75
16,2018,506,0,23,40,1,2,141,209,1,0,195,16,0,27,0,0,9,0,165,43,95,4,0,0,0,3,1,171,12,375,779,0,1,irving park,196.6
17,2011,309,0,16,82,0,4,112,256,1,0,95,7,2,3,0,0,7,0,147,46,33,3,0,0,0,0,5,204,8,345,474,1,0,dunning,119.4818182
17,2012,275,1,15,74,0,8,141,205,0,0,95,5,2,5,0,0,5,0,105,41,36,4,0,0,2,0,0,156,16,288,451,0,0,dunning,135.7166667
17,2013,291,1,12,96,1,5,113,208,1,0,86,6,2,9,0,0,12,0,105,39,28,3,0,0,0,1,1,157,5,247,402,1,0,dunning,149.5166667
17,2014,296,3,22,84,1,4,65,134,0,0,107,3,1,6,0,0,9,0,94,47,20,1,0,0,1,0,6,155,7,205,297,1,0,dunning,159.95
17,2015,282,0,18,73,1,3,80,130,4,0,129,6,3,9,0,0,10,0,100,39,30,4,0,0,1,0,2,156,10,259,311,0,0,dunning,177.1166667
17,2016,279,1,18,40,0,2,76,197,3,0,141,12,6,6,1,0,6,0,129,56,53,4,0,0,1,1,1,143,8,243,328,0,0,dunning,183.65
17,2017,297,0,17,22,1,5,62,121,0,0,141,4,2,12,0,0,5,0,104,37,29,1,1,0,0,1,4,136,5,210,297,2,0,dunning,182.81666669999998
17,2018,305,0,14,19,0,1,70,141,1,0,120,9,4,7,0,0,5,0,115,34,22,0,0,0,0,1,2,138,11,189,292,0,0,dunning,186.56666669999998
19,2011,1086,3,71,549,70,32,588,723,1,0,183,34,14,80,0,1,62,0,382,133,290,3,0,0,3,1,23,450,27,863,1196,7,0,belmont cragin,61.90909091
19,2012,1128,8,58,512,76,40,492,463,0,0,205,39,25,56,0,0,41,0,389,118,204,5,0,0,5,1,17,439,23,805,1213,6,0,belmont cragin,59.4
19,2013,1023,5,65,402,34,37,388,459,0,0,235,25,14,49,0,0,47,0,320,82,163,6,0,0,2,0,17,435,31,698,1169,4,0,belmont cragin,94.66666667
19,2014,940,5,77,362,59,41,266,305,0,0,256,29,12,40,1,1,62,0,339,95,148,11,0,0,1,0,3,384,20,608,904,4,0,belmont cragin,89.68333333
19,2015,977,9,70,368,29,38,262,258,0,0,230,26,13,50,0,0,55,0,372,97,150,8,1,0,1,0,8,406,28,567,809,6,1,belmont cragin,120.03333329999998
19,2016,920,8,69,140,3,20,259,329,0,0,302,28,20,64,2,0,16,0,355,95,188,8,0,0,2,1,3,378,21,585,950,11,1,belmont cragin,127.91666670000001
19,2017,851,8,58,121,16,13,410,328,0,0,322,20,14,53,0,0,30,0,337,88,172,7,0,0,1,0,1,346,19,528,855,3,4,belmont cragin,133.4833333
19,2018,891,11,64,146,5,12,233,270,2,0,289,20,12,90,4,0,18,0,331,81,156,5,0,0,3,1,1,373,24,505,809,5,1,belmont cragin,152.6333333
20,2011,422,2,24,194,8,12,166,223,1,0,58,12,4,27,0,0,31,0,127,28,80,2,0,0,0,0,2,120,7,245,265,1,0,hermosa,79.73181818
20,2012,370,1,22,178,6,15,199,176,0,0,62,13,6,22,0,0,26,0,129,24,58,3,0,0,3,0,5,170,7,227,330,0,0,hermosa,96.98333333
20,2013,378,2,26,165,3,10,120,132,0,0,66,15,12,27,0,0,20,0,130,25,55,1,0,0,1,1,1,170,8,230,369,0,0,hermosa,108.325
20,2014,327,3,34,159,2,10,115,113,0,0,75,11,5,18,0,0,26,0,122,24,47,2,0,0,0,0,5,163,9,210,311,1,0,hermosa,127.55
20,2015,329,0,25,112,1,15,124,99,0,0,87,10,3,19,0,0,14,0,105,27,46,0,0,0,1,0,2,155,8,236,314,0,0,hermosa,148.9708333
20,2016,285,6,15,60,0,4,126,115,0,0,80,11,8,26,2,0,9,0,103,21,54,0,0,0,2,1,1,146,9,208,265,0,0,hermosa,160.87916669999998
20,2017,281,3,24,29,0,2,120,105,0,0,82,3,9,28,0,0,13,0,105,27,57,0,0,0,1,0,2,139,12,158,305,0,0,hermosa,163.6541667
20,2018,286,2,18,52,0,5,89,72,0,0,87,7,4,47,0,0,7,0,107,16,46,2,0,0,0,1,0,115,6,173,255,0,0,hermosa,154.93333330000002
21,2011,499,3,36,225,2,3,400,338,0,0,117,18,6,22,0,0,18,0,166,55,105,2,0,0,2,1,19,233,12,386,703,2,0,avondale,91.72727273
21,2012,516,2,30,171,4,7,332,337,1,0,134,17,12,15,0,0,27,0,183,68,113,4,0,0,3,0,9,193,12,383,701,2,0,avondale,121.175
21,2013,418,4,21,96,1,9,227,219,1,0,135,10,5,11,0,0,23,0,157,31,111,0,0,0,2,0,5,181,7,324,675,1,0,avondale,157.8916667
21,2014,387,0,35,88,3,4,132,163,0,0,135,15,6,12,0,0,15,0,116,48,75,2,0,0,1,2,8,144,14,332,633,0,0,avondale,172.94166669999998
21,2015,368,2,22,92,1,3,186,118,1,0,141,11,9,9,0,0,13,0,125,27,89,3,0,0,3,0,2,127,16,258,636,1,0,avondale,187.4916667
21,2016,364,3,16,29,1,2,175,152,0,0,180,12,6,17,0,0,6,0,141,48,84,1,0,0,0,1,3,123,9,313,601,0,0,avondale,210.6
21,2017,351,2,22,23,0,1,123,146,0,0,206,18,8,13,0,0,5,0,135,37,109,0,0,0,2,3,0,145,14,311,673,0,1,avondale,219.30833330000002
21,2018,361,6,17,20,1,5,141,152,0,0,177,16,4,27,0,0,3,0,158,45,98,1,0,0,0,0,1,131,15,280,669,4,0,avondale,218.93333330000002
22,2011,1095,2,59,301,6,11,643,774,1,0,217,28,12,40,0,0,41,0,327,109,264,7,1,0,6,0,21,352,23,900,2089,4,0,logan square,131.1545455
22,2012,989,2,39,339,6,19,625,683,0,0,207,31,12,34,0,1,52,0,306,127,231,5,0,0,6,0,20,319,19,751,1974,2,0,logan square,168.9083333
22,2013,879,4,61,230,2,18,396,522,0,0,221,22,13,21,0,0,35,0,278,110,207,0,0,0,6,0,11,313,19,670,1817,3,0,logan square,200.69166669999998
22,2014,836,7,44,177,1,12,274,365,1,0,243,25,7,27,0,0,43,0,257,78,157,3,0,0,4,0,12,279,28,612,1609,0,0,logan square,217.8916667
22,2015,687,8,48,146,3,11,266,291,0,0,284,31,10,24,1,0,23,0,232,96,159,2,0,1,5,0,10,239,23,580,1624,1,0,logan square,228.31666669999998
22,2016,700,5,43,94,0,5,323,360,0,0,419,30,15,29,1,0,25,0,281,121,214,4,0,0,0,0,3,258,17,653,1867,2,0,logan square,247.16666669999998
22,2017,663,5,22,60,0,2,256,320,0,0,396,26,7,35,1,0,16,0,302,87,262,2,0,0,0,2,6,249,25,525,1799,1,0,logan square,257.075
22,2018,701,4,30,66,0,7,207,299,0,0,381,24,7,59,0,1,18,0,295,93,148,3,0,0,3,3,6,242,23,560,1731,2,0,logan square,251.93333330000002
23,2011,2253,21,94,2370,257,53,636,582,40,0,182,50,33,134,0,0,71,0,713,173,399,4,0,0,4,1,17,548,28,981,1505,7,0,humboldt park,54.73636364
23,2012,2015,18,82,2705,190,72,623,585,55,0,209,35,26,144,0,0,58,0,632,179,447,15,0,0,4,3,14,490,24,1014,1573,4,0,humboldt park,80.8
23,2013,1827,14,78,2864,130,82,343,433,41,0,192,44,18,124,0,0,115,0,552,165,379,9,0,0,4,0,16,528,25,814,1455,5,0,humboldt park,98.69166667
23,2014,1694,26,97,2544,118,88,330,287,34,0,293,44,14,108,0,0,97,0,532,153,318,5,1,0,1,1,10,598,18,712,1102,1,1,humboldt park,136.675
23,2015,1702,18,80,1642,88,57,324,287,24,0,285,46,17,123,0,0,82,0,561,135,310,1,1,0,11,0,7,574,31,756,1035,3,0,humboldt park,149.05
23,2016,1679,29,82,1013,72,40,406,328,9,1,290,45,16,138,0,1,54,0,606,132,410,7,0,1,0,0,2,510,29,835,1275,8,0,humboldt park,158.3916667
23,2017,1567,30,84,1147,16,52,390,324,21,0,330,59,19,190,1,1,65,1,659,152,401,4,1,0,1,2,2,480,34,808,1210,5,0,humboldt park,183.45
23,2018,1620,21,61,1707,13,74,278,273,35,0,258,35,12,274,0,0,75,1,618,143,342,1,0,0,3,1,10,499,23,620,1051,0,1,humboldt park,176.3
24,2011,1329,3,38,520,35,14,633,919,4,0,338,28,10,57,0,0,46,0,524,176,372,2,0,0,7,1,51,400,32,1317,3280,7,0,west town,201.5363636
24,2012,1251,6,51,485,12,24,640,892,0,0,313,31,9,47,0,0,49,0,461,219,385,8,0,0,7,0,32,383,44,1171,3162,5,0,west town,229.56666669999998
24,2013,1100,8,33,289,9,13,527,782,3,0,330,30,9,31,0,0,60,0,358,128,313,4,0,1,4,0,27,304,20,954,2875,1,0,west town,255.75
24,2014,1005,5,46,177,11,9,322,685,0,0,402,30,8,17,0,0,27,0,339,154,260,1,0,0,4,1,21,299,21,839,2660,3,0,west town,268.84833330000004
24,2015,943,5,25,206,5,10,370,472,0,0,432,27,10,39,2,0,37,0,303,118,234,0,0,0,0,1,13,304,29,855,2641,3,0,west town,272.5416667
24,2016,982,10,23,89,4,11,423,560,0,0,525,32,4,27,2,0,20,0,395,184,387,2,0,0,12,2,9,271,23,1034,3213,2,0,west town,295.0283333
24,2017,963,7,43,76,2,7,442,652,0,1,626,49,7,49,0,0,18,0,440,173,425,1,0,0,1,0,14,309,21,890,3103,4,1,west town,299.0966667
24,2018,874,8,26,57,4,14,289,500,0,0,594,50,3,49,0,2,31,0,444,164,287,1,0,0,7,5,12,278,37,795,2772,4,1,west town,290.98
25,2011,4038,30,149,5472,239,131,816,1430,149,0,524,99,31,275,0,0,165,0,1256,434,1090,15,0,0,3,1,16,1243,58,1886,3166,6,0,austin,33.78181818
25,2012,4230,36,145,4614,332,120,826,1100,165,0,505,94,37,232,0,0,173,0,1262,333,973,20,0,0,4,2,25,1042,62,1744,3276,5,0,austin,42.59166667
25,2013,3997,31,128,4826,288,136,633,728,105,0,520,68,21,249,0,0,173,0,1140,353,745,16,0,0,8,2,12,1182,52,1571,3255,6,0,austin,51.46666667
25,2014,3649,37,143,4126,493,164,640,595,91,0,754,83,22,220,0,0,215,0,1147,465,758,16,1,0,8,0,10,1184,36,1422,2509,6,2,austin,56.95833333
25,2015,3564,50,154,3272,324,150,655,479,46,1,845,105,35,266,1,1,170,0,1096,354,771,7,1,1,9,5,5,1251,42,1542,2174,8,3,austin,63.70833333
25,2016,3682,88,152,1877,350,91,790,499,42,1,752,97,44,333,1,1,116,0,1236,317,856,4,0,0,4,1,3,1225,53,1820,2309,1,1,austin,78.60833333
25,2017,3346,82,125,1461,172,100,730,522,22,1,816,96,23,445,1,1,117,0,1198,265,831,10,0,0,4,4,10,1134,47,1668,2144,6,5,austin,93.91666667
25,2018,3376,56,145,1363,210,99,661,496,27,2,723,116,38,426,1,0,114,0,1224,312,780,10,0,0,8,4,10,1064,63,1418,2302,5,2,austin,103.1
26,2011,1273,15,29,1655,196,38,253,200,24,0,215,20,5,87,0,0,25,0,361,90,322,7,0,0,1,0,17,257,12,434,745,1,0,west garfield park,12.15454545
26,2012,1202,11,28,1660,237,39,278,284,13,0,451,29,16,69,0,1,26,0,333,90,318,2,0,0,0,0,3,249,12,483,841,1,0,west garfield park,11.05833333
26,2013,1115,15,38,2354,126,58,186,168,22,0,339,21,9,79,0,0,37,0,307,95,227,0,0,0,2,0,1,297,11,429,740,2,0,west garfield park,17.55
26,2014,1005,20,31,2196,186,78,138,136,31,0,274,26,6,78,0,0,66,0,294,108,243,1,1,0,0,1,6,298,11,376,604,4,1,west garfield park,16.58333333
26,2015,1033,15,34,2086,220,72,156,111,15,1,166,28,3,87,0,0,63,0,325,87,296,2,0,0,0,0,5,301,13,402,505,1,2,west garfield park,26.625
26,2016,1134,29,36,1416,171,54,213,132,6,1,173,39,8,130,0,1,53,0,329,97,351,3,0,1,4,1,8,281,14,504,587,4,2,west garfield park,26.675
26,2017,1117,14,31,991,142,51,215,134,18,0,186,26,10,147,0,0,37,0,401,156,310,5,0,0,1,1,4,278,14,496,583,0,0,west garfield park,37.54166667
26,2018,1129,26,36,1078,190,54,174,137,11,0,182,37,9,157,0,0,50,0,395,196,314,0,0,0,3,1,6,289,11,549,630,3,2,west garfield park,43.66666667
27,2011,1300,11,28,1336,89,21,368,299,35,0,130,22,11,68,0,0,34,0,414,147,292,6,0,0,3,1,6,276,13,522,975,8,0,east garfield park,21.49090909
27,2012,1253,8,25,1391,81,21,294,232,20,0,221,18,7,70,0,0,26,0,398,102,339,5,0,0,5,0,7,294,14,516,841,2,0,east garfield park,26.76666667
27,2013,1184,10,43,1700,67,41,239,189,38,0,196,23,6,76,0,0,59,0,403,125,247,6,0,0,6,1,2,351,12,470,786,1,0,east garfield park,31.925
27,2014,1180,10,34,1617,69,45,190,173,12,0,186,28,8,52,0,0,61,0,392,115,221,1,0,0,6,3,8,295,25,404,674,3,1,east garfield park,42.38333333
27,2015,1077,17,37,1497,12,54,162,146,11,0,159,32,5,78,0,0,88,0,390,110,226,0,0,1,1,1,3,300,14,442,581,1,3,east garfield park,55.50833333
27,2016,1204,29,37,754,2,30,215,121,14,0,164,27,8,135,0,0,50,0,433,110,227,2,0,0,2,1,2,328,17,496,633,1,0,east garfield park,73.04166667
27,2017,1144,21,40,647,8,42,200,129,24,0,167,27,8,112,0,0,33,0,378,191,246,3,0,0,2,1,5,306,13,430,578,5,1,east garfield park,77.29166667
27,2018,1169,22,38,602,0,39,171,128,24,0,134,24,10,156,0,0,39,1,436,116,293,4,0,0,3,2,4,291,16,478,703,2,2,east garfield park,75.1
28,2011,1304,10,52,554,35,15,558,411,19,0,457,39,1,33,0,1,95,0,491,339,385,4,0,0,3,1,15,515,33,857,3438,5,0,near west side,123.37727269999999
28,2012,1287,15,54,467,22,21,523,380,18,0,502,34,2,53,0,0,77,0,508,365,351,3,2,0,8,1,9,419,31,872,3391,2,0,near west side,139.8208333
28,2013,1140,5,106,469,16,20,394,264,13,0,572,35,1,41,0,0,72,0,455,394,298,5,0,0,8,1,12,419,37,669,3063,3,0,near west side,167.6708333
28,2014,1198,7,101,336,4,20,327,238,3,0,589,33,5,31,0,0,56,0,449,343,277,2,0,0,6,4,8,372,23,627,2837,4,2,near west side,182.6791667
28,2015,1132,11,58,329,13,6,329,284,1,3,664,43,1,28,0,0,44,0,470,270,276,1,0,0,5,2,7,440,26,803,2701,4,0,near west side,204.06666669999998
28,2016,1237,13,89,205,1,12,328,279,5,1,804,68,8,37,1,0,44,0,517,257,354,3,0,1,1,1,10,465,48,1012,3660,11,1,near west side,209.10416669999998
28,2017,1179,15,43,169,0,7,408,307,3,2,795,65,2,56,4,0,37,0,588,232,458,2,0,0,13,0,4,408,22,881,3343,7,2,near west side,219.87083330000002
28,2018,1283,9,51,173,1,14,365,281,2,0,855,65,7,61,2,0,30,0,656,282,344,2,0,0,7,2,11,443,38,808,3601,10,3,near west side,220.0333333
29,2011,2192,16,60,2105,25,17,492,518,71,0,154,53,20,135,0,0,69,0,596,155,467,2,0,0,3,2,6,502,30,906,1410,5,0,north lawndale,14.56363636
29,2012,2277,19,65,2344,34,29,371,528,87,0,182,43,18,151,0,0,83,0,649,122,447,4,0,0,8,0,7,500,21,1005,1393,4,0,north lawndale,16.33333333
29,2013,1965,16,60,2773,21,43,216,426,76,0,227,53,6,143,0,0,109,0,557,226,385,4,0,0,5,0,10,488,24,755,1208,3,0,north lawndale,19.7
29,2014,1834,11,80,2103,10,65,228,381,38,0,279,44,10,124,0,0,81,0,540,184,395,3,0,0,4,1,6,437,15,771,1069,0,0,north lawndale,21.75
29,2015,1909,23,67,1755,5,35,250,302,32,0,279,36,19,168,0,0,95,0,541,192,391,6,0,2,2,0,2,518,35,830,913,4,1,north lawndale,26.475
29,2016,2172,33,62,1188,22,34,345,295,19,0,316,45,20,221,2,0,102,0,670,174,450,1,0,0,8,3,9,611,22,1017,954,1,0,north lawndale,38.18333333
29,2017,2016,43,73,1649,20,70,361,266,23,0,261,54,17,362,0,0,72,0,648,281,392,4,0,0,2,4,3,615,22,840,965,1,2,north lawndale,51.41666667
29,2018,1929,32,76,2101,22,89,307,296,30,0,277,51,17,325,0,0,51,0,684,251,376,3,0,0,6,1,5,494,29,869,997,2,11,north lawndale,62.03333333
30,2011,1144,15,49,575,56,17,574,318,4,0,119,24,16,60,0,1,238,0,378,87,245,5,0,0,2,1,33,427,24,676,924,8,0,south lawndale,30.22727273
30,2012,1197,13,65,542,20,12,385,312,1,0,121,29,12,66,0,0,173,0,383,71,262,3,0,0,4,0,44,350,37,693,967,20,0,south lawndale,34.70833333
30,2013,1000,10,50,453,51,12,256,253,2,0,125,35,11,60,0,0,200,0,357,86,243,10,0,0,4,0,37,313,21,632,878,9,0,south lawndale,43.23333333
30,2014,993,14,61,456,7,9,224,241,0,0,160,22,11,69,1,0,151,0,322,72,184,2,0,1,3,1,30,304,30,568,828,7,0,south lawndale,51.65
30,2015,1011,13,59,344,0,21,208,178,1,0,172,28,15,90,1,0,103,0,305,57,205,3,0,0,1,3,28,312,24,566,700,4,0,south lawndale,59.675
30,2016,1081,18,54,161,0,14,246,195,0,0,237,31,25,79,1,0,54,0,407,71,242,2,0,0,5,2,24,357,38,570,776,4,0,south lawndale,67.54166667
30,2017,940,7,68,177,3,13,247,193,1,0,143,36,12,146,1,1,50,0,393,71,210,1,0,0,3,2,11,345,29,570,851,11,0,south lawndale,89.71666667
30,2018,990,8,64,269,1,20,249,177,0,0,177,35,8,165,0,1,38,0,372,90,195,5,0,0,3,1,8,307,31,526,795,5,4,south lawndale,100.3
31,2011,568,2,29,305,3,5,297,225,0,0,97,12,6,39,0,0,107,0,207,80,78,2,0,0,2,1,16,177,12,494,678,5,0,lower west side,84.49090909
31,2012,533,7,25,281,1,9,332,135,0,0,91,15,4,38,0,0,108,0,237,70,78,1,0,0,5,0,19,178,10,443,676,1,0,lower west side,92.58333333
31,2013,507,6,30,229,1,8,257,155,1,0,102,13,10,39,0,0,78,0,193,85,66,3,0,0,1,1,15,152,14,389,722,1,0,lower west side,113.58333329999999
31,2014,446,2,23,193,0,5,174,122,0,0,116,12,7,23,0,0,43,0,182,86,47,0,0,1,1,1,9,142,16,378,679,2,0,lower west side,113.14166670000002
31,2015,461,4,16,131,2,3,166,87,0,0,114,18,8,40,0,0,43,0,199,63,63,0,0,0,2,0,10,142,18,395,541,1,1,lower west side,167.7666667
31,2016,484,11,21,83,0,5,113,136,0,0,169,15,14,32,0,0,17,0,216,42,86,3,0,0,2,1,3,173,9,399,589,2,0,lower west side,188.45833330000002
31,2017,529,7,27,40,0,5,112,201,0,0,132,21,6,48,0,0,10,0,222,78,113,1,0,0,2,0,4,159,16,373,521,0,0,lower west side,210.58333330000002
31,2018,442,1,19,59,0,4,101,118,0,0,146,21,2,54,0,0,13,0,218,70,95,0,0,0,1,0,3,136,14,299,563,6,1,lower west side,210.3
32,2011,556,1,8,286,43,9,128,90,1,0,816,16,0,9,0,2,72,0,282,391,240,4,2,0,16,1,10,311,28,291,3988,6,0,loop,291.36969700000003
32,2012,597,0,17,213,29,12,65,115,1,0,1006,31,0,11,1,1,53,0,295,395,201,2,0,0,9,1,12,245,23,277,4160,5,0,loop,322.1722222
32,2013,630,0,12,214,35,5,79,89,0,0,1153,19,1,10,0,3,60,0,304,411,196,1,2,0,4,1,6,257,32,279,3983,5,0,loop,334.8027778
32,2014,645,1,13,150,16,12,69,81,1,0,1141,23,0,8,2,2,74,0,274,342,158,1,0,0,6,0,7,195,23,311,3736,3,0,loop,341.4194444
32,2015,723,2,16,120,21,8,74,87,0,0,966,13,5,7,0,0,75,0,298,310,194,0,0,0,3,0,9,235,32,341,4049,7,0,loop,344.2027778
32,2016,788,2,10,88,6,10,96,132,0,1,1360,41,2,13,4,3,58,0,349,257,310,4,0,0,7,2,6,274,34,385,4784,2,0,loop,361.5861111
32,2017,923,0,7,74,23,10,148,107,0,1,1544,42,3,12,2,1,56,0,456,247,387,4,4,0,7,1,9,230,31,409,5882,4,0,loop,351.53333330000004
32,2018,1027,4,7,95,1,16,123,76,0,1,1686,47,3,20,1,2,71,0,475,291,317,2,0,0,7,0,11,279,39,467,5790,3,1,loop,338.8
33,2011,222,0,6,40,0,1,74,86,0,0,129,5,4,8,0,0,9,0,81,91,53,2,0,0,1,1,2,122,0,149,681,1,0,near south side,210.8681818
33,2012,239,1,11,51,3,3,69,89,0,0,116,7,0,2,0,0,6,0,111,98,65,2,0,0,6,0,2,91,5,157,730,0,0,near south side,240.88541669999998
33,2013,236,1,11,33,1,5,63,40,0,0,154,7,2,4,0,0,10,0,75,143,39,2,1,0,2,0,1,117,4,176,685,0,0,near south side,264.75625
33,2014,272,0,9,36,7,6,61,56,0,0,187,9,1,5,0,0,8,0,81,127,40,0,1,0,7,0,4,89,6,128,640,0,0,near south side,268.5395833
33,2015,291,2,15,33,2,4,55,55,0,0,234,7,1,8,1,0,10,0,84,110,58,0,0,0,3,1,2,96,13,183,613,2,1,near south side,269.74375
33,2016,272,4,12,24,0,3,64,47,0,0,296,14,1,3,0,0,7,0,117,97,50,2,0,0,5,1,1,97,4,170,656,0,0,near south side,285.4208333
33,2017,300,0,11,18,6,4,90,61,0,0,306,9,1,8,2,0,4,0,94,85,93,0,0,0,2,2,0,115,15,155,558,0,0,near south side,286.5833333
33,2018,289,3,5,19,0,1,72,32,0,0,263,12,2,12,0,0,9,0,122,53,49,1,0,0,1,1,7,111,9,190,592,2,1,near south side,280.125
35,2011,571,0,14,215,0,2,141,93,6,0,88,14,0,17,0,0,20,0,213,97,133,1,0,0,3,0,2,170,4,231,666,0,0,douglas,60.05454545
35,2012,566,0,18,198,1,4,129,91,6,0,108,9,0,18,0,0,16,0,211,150,127,5,0,0,3,0,0,174,10,241,688,2,0,douglas,93.38333333
35,2013,558,4,19,237,0,6,113,74,2,0,142,16,1,15,0,0,23,0,205,148,119,0,0,0,1,1,1,132,10,216,746,1,0,douglas,88.975
35,2014,515,3,15,169,0,5,127,50,0,0,184,13,1,23,0,0,24,0,206,173,136,2,0,0,1,0,0,154,9,199,557,0,0,douglas,100.1333333
35,2015,505,3,15,118,1,4,105,55,0,1,205,12,3,23,0,1,17,0,181,109,89,2,0,1,0,0,1,169,9,255,639,0,0,douglas,124.03333329999998
35,2016,476,4,13,82,0,6,96,48,0,0,191,16,0,24,2,0,13,0,204,103,178,2,0,0,4,0,0,167,14,268,702,3,0,douglas,154.775
35,2017,541,3,17,53,0,3,91,73,0,0,209,19,0,20,0,0,8,0,205,123,157,2,0,0,2,0,0,151,9,220,716,3,0,douglas,159.44166669999998
35,2018,578,7,16,45,0,6,100,53,2,0,185,17,1,22,0,0,16,0,239,101,113,2,0,0,3,1,0,217,7,251,727,2,0,douglas,127.46666670000002
36,2011,195,2,9,45,0,1,35,44,1,0,14,3,0,10,0,0,3,0,63,29,24,1,0,0,1,0,0,74,3,88,150,1,0,oakland,105.2727273
36,2012,161,1,18,30,0,0,24,39,3,0,19,6,0,11,0,0,8,0,51,32,27,0,0,0,0,0,1,66,6,106,162,0,0,oakland,94.60833333
36,2013,138,0,7,49,0,1,25,24,4,0,31,2,0,8,0,0,10,0,56,74,22,0,0,0,1,0,0,64,1,76,120,0,0,oakland,105.125
36,2014,141,0,3,20,0,0,36,26,0,0,34,3,2,9,0,0,2,0,60,41,24,0,0,0,0,0,0,40,2,86,113,1,0,oakland,145.16666669999998
36,2015,112,3,7,20,0,0,38,18,0,0,43,6,1,7,0,0,2,0,54,18,27,0,0,0,0,1,0,51,3,81,140,0,0,oakland,133.00833329999998
36,2016,120,4,5,7,0,0,39,30,0,0,37,4,1,13,1,0,1,0,56,16,23,2,0,0,1,1,0,56,2,90,190,1,0,oakland,145.45
36,2017,123,0,2,1,0,0,36,22,0,0,43,5,2,5,0,0,1,0,62,22,27,1,0,0,0,1,0,68,6,110,144,0,0,oakland,167.4833333
36,2018,131,1,7,4,0,0,26,15,0,0,57,5,0,6,0,0,1,0,66,13,20,0,0,0,0,0,0,79,2,96,134,0,1,oakland,202.4666667
37,2011,188,1,9,134,0,6,66,65,3,0,50,4,1,25,0,0,3,0,72,44,103,0,0,0,0,0,0,48,3,108,255,1,0,fuller park,17.95454545
37,2012,175,1,8,124,0,7,60,38,0,0,160,1,1,25,0,1,8,0,81,39,89,0,0,0,1,0,1,46,4,100,252,3,0,fuller park,10.65833333
37,2013,189,0,12,168,0,3,47,36,2,0,71,1,0,18,0,0,9,0,72,45,56,1,0,0,0,0,1,49,0,92,203,3,0,fuller park,20.9
37,2014,161,1,24,113,1,5,33,32,0,0,67,5,3,13,0,0,11,0,56,47,53,1,0,0,1,0,1,48,1,78,176,1,0,fuller park,24.80833333
37,2015,169,3,9,73,0,10,28,32,0,0,50,4,2,24,1,0,6,0,56,26,51,1,0,1,0,0,0,49,3,85,158,1,0,fuller park,39.375
37,2016,171,5,13,36,0,6,42,21,1,0,52,9,2,15,0,0,3,1,95,35,55,0,0,0,0,1,0,30,3,91,239,0,0,fuller park,31.85833333
37,2017,157,2,10,34,0,9,42,22,0,0,50,2,2,25,0,0,1,0,85,33,59,0,0,0,1,0,0,43,3,88,210,2,0,fuller park,56.80833333
37,2018,178,2,3,33,0,12,51,12,0,1,44,5,0,23,0,0,6,0,72,46,34,1,0,0,1,1,0,56,3,89,161,2,0,fuller park,62.13333333
38,2011,945,8,28,630,62,9,263,229,15,0,98,19,3,49,0,0,24,0,381,138,197,4,0,0,2,1,3,278,7,560,792,0,0,grand boulevard,38.86363636
38,2012,899,8,37,497,20,10,187,187,14,0,129,22,1,38,0,1,38,0,313,83,209,2,0,0,4,0,2,259,14,431,716,0,0,grand boulevard,47.05
38,2013,814,7,37,541,34,18,172,208,7,0,145,16,1,45,0,0,35,0,317,85,201,2,0,0,0,0,4,248,7,349,706,2,0,grand boulevard,54.075
38,2014,729,8,32,345,9,14,139,169,3,0,180,12,2,45,0,0,38,0,284,84,170,2,0,0,2,0,1,222,10,348,654,1,0,grand boulevard,61.25833333
38,2015,672,7,25,171,10,4,151,121,0,0,189,16,4,38,0,0,14,0,222,69,153,4,0,0,3,1,1,192,13,374,698,1,0,grand boulevard,83.425
38,2016,666,9,35,88,1,12,154,139,2,1,203,25,1,46,0,0,12,0,264,60,183,1,0,0,2,1,4,215,14,437,729,0,0,grand boulevard,101.08333329999999
38,2017,744,10,23,130,25,17,175,165,2,0,213,14,1,61,0,0,15,0,286,74,186,0,0,0,3,3,5,254,8,387,646,4,0,grand boulevard,117.025
38,2018,762,11,35,114,17,17,158,118,0,1,223,16,2,46,0,1,9,0,282,57,147,2,0,0,3,1,1,228,12,368,611,0,0,grand boulevard,119.4
39,2011,380,3,16,132,2,2,79,150,1,0,61,7,2,17,0,0,12,0,137,33,88,1,0,0,2,1,0,134,4,260,548,2,0,kenwood,79.29090909
39,2012,303,3,8,77,1,0,83,113,5,0,55,8,1,16,0,0,8,0,128,51,84,1,0,0,4,0,1,134,4,196,511,0,0,kenwood,86.45833333
39,2013,256,1,14,112,0,2,71,72,2,0,80,6,1,13,0,0,9,0,99,42,54,1,0,0,0,0,0,130,6,176,449,0,0,kenwood,96.06666667
39,2014,235,1,12,94,1,1,68,78,0,0,123,4,0,12,0,0,7,0,88,37,87,0,0,0,0,0,0,98,3,140,411,0,0,kenwood,108.76666670000002
39,2015,252,5,12,58,0,1,74,56,0,0,113,7,2,16,0,0,7,0,89,36,82,0,0,0,0,0,0,98,7,148,307,0,0,kenwood,117.43333329999999
39,2016,270,3,6,11,0,0,57,83,0,0,120,12,2,7,0,0,2,0,114,33,80,0,0,0,0,0,0,96,7,167,339,2,0,kenwood,126.06666670000001
39,2017,254,4,11,8,0,1,67,54,0,0,127,11,0,11,1,0,4,0,126,36,102,2,0,0,2,2,0,115,7,180,406,0,0,kenwood,131.875
39,2018,262,1,7,12,0,2,71,55,0,0,127,9,3,8,0,0,5,0,118,46,61,0,0,0,0,1,0,103,6,186,370,4,0,kenwood,117.3
40,2011,851,9,22,569,63,10,210,313,22,0,60,22,4,75,0,0,24,0,256,146,177,3,0,0,0,0,0,225,10,415,521,1,0,washington park,22.48181818
40,2012,820,13,26,371,30,9,186,251,14,0,58,11,6,65,0,1,33,0,242,101,154,3,0,0,0,0,2,184,5,374,511,0,0,washington park,25.83333333
40,2013,761,2,28,421,28,15,131,195,19,0,65,16,3,44,0,0,25,0,243,95,209,1,0,0,0,0,2,186,11,310,565,0,0,washington park,28.38333333
40,2014,697,4,28,290,6,13,111,187,6,0,99,16,0,33,0,0,31,0,224,83,163,1,0,0,2,2,2,182,7,283,471,1,0,washington park,36.46666667
40,2015,690,4,27,154,0,10,81,203,3,1,103,12,4,44,0,0,22,0,232,62,124,0,0,0,1,1,4,179,12,390,405,0,0,washington park,36.19166667
40,2016,681,11,19,97,0,4,97,175,2,0,112,12,1,41,0,0,23,0,224,61,173,2,0,0,1,0,1,186,6,345,430,2,0,washington park,50.31666667
40,2017,713,12,29,50,2,16,115,135,0,0,110,18,6,55,0,0,20,0,250,54,165,4,0,0,1,4,0,183,6,356,422,1,0,washington park,53.29166667
40,2018,678,10,26,53,4,14,100,97,5,0,103,14,2,65,0,0,17,0,276,57,102,1,0,0,5,0,0,218,4,487,460,2,0,washington park,52.0
41,2011,233,1,13,114,0,3,129,167,2,0,117,7,2,4,0,0,5,0,100,41,104,2,0,0,3,1,3,137,12,217,744,0,0,hyde park,136.3545455
41,2012,225,0,26,43,0,1,93,135,2,0,118,14,0,5,0,1,5,0,119,45,100,1,0,0,1,0,2,88,8,223,665,0,0,hyde park,140.66666669999998
41,2013,191,2,10,34,1,0,80,142,3,0,97,14,1,5,0,0,9,0,93,51,77,0,0,0,1,0,0,86,3,150,619,1,0,hyde park,138.9
41,2014,172,3,7,17,0,0,62,111,0,0,134,8,0,4,0,0,5,0,59,26,78,0,0,0,2,0,0,86,9,136,501,0,0,hyde park,148.94166669999998
41,2015,194,0,12,15,0,2,87,86,1,0,135,14,0,3,0,1,7,0,78,33,92,0,0,0,2,0,0,98,12,157,487,0,0,hyde park,156.16666669999998
41,2016,168,2,10,9,0,2,73,166,0,0,186,8,1,5,0,0,10,0,72,43,94,0,0,0,2,0,1,113,7,216,572,1,0,hyde park,173.85
41,2017,209,1,14,7,0,1,64,103,0,0,179,23,1,5,0,0,7,0,96,24,98,0,0,0,0,0,2,123,7,135,623,2,0,hyde park,176.6
41,2018,213,4,16,10,0,1,64,103,0,1,195,21,0,6,0,0,8,0,102,34,111,1,0,0,6,2,2,103,7,288,661,2,0,hyde park,186.43333330000002
42,2011,1126,14,52,871,18,24,237,407,18,0,120,26,6,116,0,0,71,0,376,216,216,8,0,0,1,2,1,387,24,545,827,0,0,woodlawn,38.06363636
42,2012,1106,20,42,778,53,25,144,335,19,0,122,13,5,101,0,0,86,0,393,223,220,0,0,0,1,1,6,293,13,566,837,4,0,woodlawn,42.18333333
42,2013,994,8,42,550,27,23,115,312,25,0,128,23,6,78,0,0,68,0,329,154,225,8,0,0,6,0,3,385,11,450,779,2,0,woodlawn,50.325
42,2014,879,4,33,409,37,36,98,272,11,0,182,20,5,67,0,0,77,0,313,120,176,4,0,0,0,1,2,392,18,403,631,2,1,woodlawn,50.89166667
42,2015,813,8,38,254,8,28,118,281,4,0,157,12,8,84,0,0,48,0,274,86,171,3,0,0,0,0,0,335,15,443,565,1,0,woodlawn,68.975
42,2016,808,9,38,145,2,20,129,299,3,1,176,20,3,49,0,0,30,0,290,93,196,5,0,0,3,0,0,295,19,409,575,1,0,woodlawn,93.475
42,2017,856,14,44,121,1,31,121,318,0,0,159,20,4,76,0,0,26,0,342,82,206,4,0,0,3,1,1,304,10,497,598,2,0,woodlawn,114.61666670000001
42,2018,786,11,46,167,0,28,104,176,5,0,170,30,6,81,1,0,14,0,313,95,127,6,0,0,7,1,6,293,11,431,546,9,3,woodlawn,129.3
43,2011,2542,16,87,1189,52,16,627,1468,20,0,318,61,13,135,0,0,66,0,755,239,584,6,0,0,3,0,2,799,26,1156,1908,2,0,south shore,26.88181818
43,2012,2402,19,70,1145,88,39,397,1238,29,0,328,46,14,144,0,0,72,0,796,256,605,6,0,0,1,0,6,676,29,1304,1906,3,0,south shore,24.0
43,2013,2192,26,89,945,46,34,340,1045,15,0,336,43,11,136,1,0,71,0,714,215,452,5,0,0,5,1,4,738,23,1267,1836,3,0,south shore,28.29166667
43,2014,2024,15,86,846,26,42,277,689,13,0,424,56,12,125,0,0,80,0,651,247,380,5,0,0,4,0,6,751,30,993,1504,2,1,south shore,30.64166667
43,2015,2059,18,90,655,25,59,267,745,4,1,465,46,9,108,0,0,75,0,653,183,342,7,0,0,6,3,1,745,28,1026,1476,3,0,south shore,38.53333333
43,2016,1990,23,66,264,5,37,305,584,6,0,418,48,7,111,0,0,39,0,744,168,461,2,0,1,2,1,1,645,25,971,1266,3,0,south shore,49.88333333
43,2017,2156,33,88,237,7,43,317,566,2,0,481,58,10,174,0,0,28,0,781,197,466,7,0,0,9,5,5,654,24,985,1338,4,2,south shore,57.29166667
43,2018,2025,25,84,334,4,55,293,510,8,0,443,52,7,178,0,0,38,0,797,210,296,5,0,0,10,6,3,699,32,1049,1484,4,2,south shore,60.8
44,2011,1253,17,46,706,35,17,498,599,7,0,299,41,7,87,0,0,37,0,445,151,420,6,0,0,7,1,8,416,16,639,1544,3,0,chatham,36.63636364
44,2012,1297,15,54,675,14,35,332,420,7,0,388,41,8,117,0,1,48,0,455,161,473,5,0,0,4,1,2,339,10,717,1616,6,0,chatham,41.425
44,2013,1330,13,46,663,29,34,284,461,3,0,442,28,7,91,0,1,41,0,466,148,410,2,0,0,4,0,4,358,11,643,1636,1,0,chatham,45.76666667
44,2014,1177,14,47,489,6,30,216,383,8,0,401,29,5,102,0,0,50,0,404,152,288,7,1,0,5,0,5,322,8,613,1513,1,0,chatham,47.8
44,2015,1280,23,43,395,22,26,170,357,2,0,376,19,6,104,0,0,47,0,444,113,276,7,0,0,4,1,1,408,15,568,1335,1,1,chatham,53.76666667
44,2016,1338,19,57,237,0,27,237,382,2,0,375,22,11,65,0,0,27,0,471,146,320,11,0,0,7,0,0,416,13,712,1357,0,2,chatham,66.14166667
44,2017,1284,14,60,180,0,23,233,320,2,1,393,39,7,111,1,0,30,0,540,219,296,3,0,0,9,2,1,456,13,681,1485,4,0,chatham,69.725
44,2018,1344,15,50,265,0,27,187,258,6,0,374,36,8,170,1,1,26,0,560,173,243,0,0,0,7,1,0,443,17,703,1582,1,3,chatham,72.96666667
45,2011,347,3,13,76,0,1,118,159,1,0,71,9,0,20,0,0,19,0,152,36,136,2,0,0,2,0,0,119,5,189,478,2,0,avalon park,36.93636364
45,2012,340,0,9,80,0,1,89,131,3,0,78,8,1,24,0,0,19,0,130,20,115,2,0,0,1,0,2,102,5,192,453,0,0,avalon park,37.75833333
45,2013,294,5,12,91,2,3,76,126,4,0,72,7,0,31,0,0,21,0,128,24,81,0,0,0,0,0,1,109,2,176,376,1,0,avalon park,46.73333333
45,2014,286,1,11,118,0,6,61,75,0,0,74,13,5,20,0,0,21,0,112,31,90,1,0,0,2,0,0,95,3,146,328,2,0,avalon park,53.83333333
45,2015,274,2,15,91,0,7,59,88,1,0,72,10,4,30,0,0,12,0,124,25,65,1,0,0,0,0,1,117,2,159,231,0,0,avalon park,65.225
45,2016,277,6,14,53,0,6,53,88,0,0,82,8,4,33,0,0,15,0,121,27,65,1,0,0,1,0,1,99,2,157,198,1,0,avalon park,70.39166667
45,2017,281,4,12,15,0,2,58,77,0,0,77,8,5,25,0,0,11,0,118,29,65,1,0,0,0,1,0,94,9,150,242,0,0,avalon park,76.61666667
45,2018,252,4,12,29,0,6,47,58,0,0,62,8,1,40,0,0,7,0,120,28,37,0,0,0,0,1,0,88,7,154,199,1,1,avalon park,80.3
46,2011,1494,4,58,666,12,10,302,658,9,0,146,29,11,136,0,0,64,0,556,142,287,8,0,0,3,1,16,370,21,711,1051,2,0,south chicago,16.22727273
46,2012,1424,14,57,628,18,24,225,592,5,0,174,17,11,130,0,0,78,0,577,110,277,4,0,0,0,0,3,364,20,839,952,2,0,south chicago,16.94166667
46,2013,1256,14,63,559,19,33,199,550,6,0,184,31,11,84,0,0,78,0,446,104,244,5,0,0,1,0,3,375,22,682,857,4,0,south chicago,18.15
46,2014,1117,14,66,660,16,42,136,317,11,0,185,28,8,112,0,0,80,0,426,127,176,2,0,0,1,0,8,402,17,550,741,2,0,south chicago,24.58333333
46,2015,1178,12,72,444,4,50,140,316,7,0,191,24,12,99,0,0,68,0,404,131,171,7,0,0,6,0,3,450,12,564,720,3,0,south chicago,38.65833333
46,2016,1141,19,65,218,1,23,161,310,1,1,210,26,7,80,0,0,35,0,502,110,214,6,0,0,3,0,1,408,14,576,658,4,0,south chicago,34.03333333
46,2017,1097,20,64,169,3,33,181,249,5,1,205,27,13,112,0,0,36,0,410,111,167,4,0,0,6,2,1,394,14,581,669,0,2,south chicago,52.025
46,2018,1052,6,69,178,0,43,174,256,3,0,174,30,8,129,0,0,19,0,427,119,138,7,0,0,1,2,5,360,16,484,617,2,0,south chicago,46.93333333
47,2011,91,1,6,45,1,1,33,53,3,0,7,1,2,4,0,0,4,0,35,4,16,1,0,0,0,0,1,29,0,55,63,0,0,burnside,24.84545455
47,2012,85,1,4,43,0,2,26,84,4,0,16,2,5,10,0,0,3,0,40,6,14,0,0,0,0,0,0,26,1,71,93,0,0,burnside,20.40833333
47,2013,79,1,4,39,0,2,22,59,3,0,13,1,0,6,0,0,4,0,24,7,18,1,0,0,0,0,0,30,2,53,102,1,0,burnside,28.06666667
47,2014,74,3,3,58,0,2,13,24,6,0,14,1,1,5,0,0,8,0,31,3,17,0,0,0,0,0,0,17,0,42,80,0,0,burnside,35.75833333
47,2015,69,3,4,20,0,1,24,19,3,0,24,2,1,10,0,0,1,0,35,9,17,0,0,0,1,0,0,33,1,54,57,0,1,burnside,44.00833333
47,2016,86,0,3,15,0,1,17,23,0,0,23,5,1,6,0,0,4,0,38,6,13,0,0,0,0,0,0,33,0,72,53,0,0,burnside,40.1
47,2017,81,1,3,19,0,1,15,26,1,0,18,3,1,26,0,0,2,0,37,1,7,0,0,0,0,0,0,37,0,53,38,0,0,burnside,47.325
47,2018,67,1,2,30,0,3,14,18,3,0,15,2,0,24,0,0,2,0,38,5,24,0,0,0,1,0,0,25,0,49,62,0,0,burnside,93.1
48,2011,303,2,17,108,0,3,164,261,1,0,101,5,0,30,0,0,10,0,107,41,107,3,0,0,3,0,1,119,4,287,543,0,0,calumet heights,52.79090909
48,2012,279,6,6,69,0,2,109,152,1,0,84,8,2,35,0,0,8,0,93,32,122,1,0,0,2,0,1,100,3,248,560,0,0,calumet heights,53.7
48,2013,287,0,15,63,0,1,91,110,0,0,80,12,1,26,0,0,12,0,102,32,77,2,0,0,0,1,1,112,3,183,400,4,0,calumet heights,58.74166667
48,2014,262,1,17,92,0,2,96,76,1,0,92,7,1,22,0,0,18,0,100,30,63,1,0,0,1,0,7,116,2,182,402,0,0,calumet heights,65.28333333
48,2015,259,2,15,72,0,9,68,98,0,0,98,9,2,20,0,0,9,0,120,30,64,3,0,0,2,0,1,113,8,195,285,2,0,calumet heights,80.225
48,2016,253,1,18,31,0,6,88,93,1,0,128,5,2,11,0,0,5,0,115,19,63,2,0,0,1,1,1,126,0,171,273,1,0,calumet heights,79.61666667
48,2017,230,3,8,30,0,5,89,86,0,0,94,6,2,23,0,0,7,0,108,34,69,1,0,0,3,0,0,118,6,197,245,0,0,calumet heights,93.34166667
48,2018,282,1,13,36,0,6,87,66,0,0,99,10,1,47,0,0,9,0,144,21,44,0,0,0,1,0,1,130,3,148,237,0,0,calumet heights,87.0
49,2011,1957,15,68,1263,78,43,649,854,12,0,255,45,9,172,0,0,59,0,640,262,425,8,0,0,1,1,6,541,17,984,1552,3,0,roseland,21.56363636
49,2012,1792,16,57,1087,135,50,369,627,14,0,348,37,22,183,0,0,74,0,638,211,470,6,0,0,0,0,2,405,22,1029,1434,2,0,roseland,24.90833333
49,2013,1578,16,58,997,105,31,307,555,22,0,268,41,10,128,0,0,70,0,602,212,437,6,0,0,7,0,1,418,17,902,1370,1,0,roseland,27.18333333
49,2014,1447,13,59,800,74,48,220,442,18,0,315,36,11,160,0,0,97,0,561,207,333,11,0,1,3,1,3,420,19,866,1213,7,1,roseland,28.175
49,2015,1435,18,64,517,47,40,243,477,11,2,336,36,15,157,0,0,58,0,554,149,267,7,0,0,2,1,4,425,16,793,967,3,0,roseland,33.86666667
49,2016,1498,32,64,377,21,45,262,455,5,1,293,48,24,140,0,0,37,0,606,202,352,5,0,0,2,1,1,521,18,878,990,1,0,roseland,40.43333333
49,2017,1449,36,75,297,52,53,254,406,8,0,342,39,22,187,0,0,44,0,615,188,331,9,1,0,1,3,1,592,11,918,1014,2,2,roseland,53.825
49,2018,1466,22,65,334,69,82,226,300,4,0,290,38,8,229,0,0,45,0,654,221,255,9,0,0,4,1,2,642,27,884,1019,2,6,roseland,56.9
50,2011,253,3,11,47,0,4,65,89,0,0,57,4,1,13,0,0,9,0,129,42,34,0,0,0,3,0,1,85,0,127,211,3,0,pullman,38.05454545
50,2012,258,4,15,81,1,9,75,70,2,0,58,7,1,24,0,1,7,0,114,51,35,2,0,0,0,0,1,76,9,153,207,3,0,pullman,41.64166667
50,2013,240,0,13,49,0,5,47,54,2,0,56,5,2,21,0,0,19,0,90,42,41,1,0,1,2,0,0,86,5,115,251,2,0,pullman,39.475
50,2014,233,1,17,52,0,4,33,44,0,0,73,6,1,19,1,0,16,0,131,39,35,2,0,1,1,1,0,65,7,129,305,7,0,pullman,39.75
50,2015,217,0,15,52,0,4,36,32,0,0,63,3,3,15,0,1,11,0,93,36,20,4,0,0,0,0,0,86,3,117,233,4,0,pullman,42.20833333
50,2016,237,2,14,32,0,4,45,50,1,0,79,8,2,13,0,0,11,0,110,25,40,2,0,0,1,0,0,105,5,160,264,1,1,pullman,63.88333333
50,2017,171,1,18,33,1,10,49,49,0,0,53,4,0,36,1,0,14,1,96,26,29,3,0,0,3,0,0,105,3,110,279,2,0,pullman,59.075
50,2018,232,3,24,28,0,9,41,37,0,0,70,5,2,29,1,0,7,0,108,35,24,1,0,0,1,1,0,135,4,96,310,0,0,pullman,41.56666667
51,2011,477,3,27,198,0,10,124,175,5,0,79,11,5,44,0,0,22,0,210,65,97,0,0,0,0,0,5,183,3,298,468,2,0,south deering,25.3
51,2012,462,10,19,136,1,4,85,162,2,0,63,15,1,45,0,0,18,0,210,75,83,2,0,0,3,0,7,123,2,351,412,2,0,south deering,22.80833333
51,2013,410,4,22,133,0,8,76,167,1,0,79,8,5,26,0,0,17,0,169,78,81,1,0,1,1,0,3,127,7,281,478,3,0,south deering,27.625
51,2014,368,5,26,202,2,14,85,132,3,0,107,12,3,46,0,0,26,0,144,95,83,2,0,0,0,0,0,159,11,254,475,2,0,south deering,22.55
51,2015,361,1,34,103,2,10,60,111,0,0,109,12,3,32,0,2,23,0,178,82,60,0,0,0,2,0,2,142,4,198,390,0,1,south deering,27.16666667
51,2016,353,3,19,58,0,8,80,73,0,0,113,5,5,27,0,0,13,0,186,59,65,3,0,0,3,0,2,158,6,253,397,0,0,south deering,51.675
51,2017,347,7,32,54,0,7,75,64,0,0,100,5,3,52,0,0,8,0,170,40,50,3,0,0,0,1,1,138,2,198,395,1,1,south deering,53.875
51,2018,356,4,20,49,0,18,71,47,0,0,97,12,2,46,2,0,8,0,159,58,55,0,0,0,1,0,0,132,6,168,432,2,2,south deering,65.43333333
52,2011,348,0,31,193,0,4,74,179,0,0,61,7,1,27,0,0,29,0,137,20,20,3,0,0,0,0,0,117,4,354,260,3,0,east side,51.16363636
52,2012,312,0,15,114,0,3,97,135,0,0,58,12,6,14,0,0,29,0,158,30,28,4,0,0,0,0,7,107,6,338,271,2,0,east side,52.03333333
52,2013,257,1,49,145,0,6,74,85,0,0,47,6,3,21,0,0,33,0,102,23,27,3,0,0,0,0,5,97,7,250,261,0,0,east side,61.09166667
52,2014,246,2,19,150,0,7,43,89,0,0,57,5,3,15,0,0,25,0,96,28,18,3,0,0,3,0,2,109,12,227,230,0,0,east side,55.48333333
52,2015,259,1,26,114,0,6,30,62,0,0,62,5,6,24,0,0,25,0,120,25,31,4,0,0,2,0,6,94,6,230,180,0,0,east side,72.68333333
52,2016,295,2,30,46,0,4,51,65,0,0,75,2,4,21,0,0,13,0,120,27,23,1,0,0,0,0,1,100,10,224,218,0,0,east side,84.6
52,2017,263,9,19,38,0,5,45,54,0,0,63,7,6,34,0,0,9,0,101,24,17,2,0,0,0,0,0,105,6,225,185,0,0,east side,82.01666667
52,2018,274,2,15,39,0,7,63,46,0,0,38,8,1,34,0,0,4,0,105,31,29,3,0,0,1,1,0,92,7,156,145,0,0,east side,83.2
53,2011,1133,8,56,730,25,25,396,524,10,0,158,41,17,141,0,0,37,0,464,122,262,5,0,0,5,0,3,343,10,667,726,1,0,west pullman,20.12727273
53,2012,1094,15,35,721,55,28,288,455,6,0,131,31,12,137,0,0,43,0,417,121,201,4,0,0,2,0,6,315,16,759,858,1,0,west pullman,21.13333333
53,2013,1071,19,41,615,70,24,213,432,7,0,118,20,9,124,0,0,43,0,380,101,164,3,0,0,2,0,3,353,13,594,732,3,0,west pullman,22.325
53,2014,914,7,46,438,29,31,139,300,3,0,168,23,7,115,0,0,52,0,339,91,171,4,0,0,2,0,4,291,18,515,663,4,0,west pullman,25.25
53,2015,871,15,46,303,12,36,132,221,0,0,168,17,9,119,0,0,36,0,311,51,145,6,0,0,5,1,1,333,12,554,604,2,3,west pullman,31.20833333
53,2016,861,10,44,163,8,19,160,225,0,0,188,31,18,117,0,0,20,0,343,74,147,4,0,0,3,0,3,340,15,598,494,1,0,west pullman,34.71666667
53,2017,896,10,44,141,14,41,135,190,1,0,184,18,11,136,0,0,23,0,382,94,147,3,0,0,3,1,1,386,13,586,534,2,0,west pullman,50.375
53,2018,845,26,59,160,14,42,118,223,1,0,187,19,5,186,0,0,24,0,376,93,115,3,0,0,2,0,4,424,7,534,580,2,3,west pullman,49.36666667
55,2011,117,1,9,47,0,1,40,72,0,0,27,3,4,8,0,0,11,0,72,18,10,0,0,0,2,0,5,54,1,122,197,1,0,hegewisch,74.31818182
55,2012,152,1,5,40,0,2,26,51,0,0,28,6,0,9,0,0,9,0,55,23,11,0,0,0,1,0,3,52,1,123,143,0,0,hegewisch,69.73333333
55,2013,125,1,8,49,0,2,42,36,0,0,33,4,1,6,0,0,9,0,46,22,9,0,0,0,0,0,3,55,3,103,160,0,0,hegewisch,63.41666667
55,2014,112,0,5,32,0,1,13,36,0,0,44,2,2,7,0,0,10,0,56,20,7,0,0,0,0,0,1,55,1,69,153,0,0,hegewisch,79.475
55,2015,107,0,8,21,0,3,12,21,0,0,54,2,0,2,1,0,7,0,40,8,11,0,0,0,3,1,1,44,1,62,107,0,0,hegewisch,80.83333333
55,2016,143,0,6,8,0,2,17,34,0,0,48,2,0,4,0,0,2,0,57,12,6,0,0,0,1,0,0,41,3,86,112,0,0,hegewisch,104.79166670000001
55,2017,129,1,20,6,0,1,33,44,0,0,43,4,2,9,0,0,2,0,62,15,11,3,0,0,2,0,0,46,1,107,130,2,0,hegewisch,101.9416667
55,2018,133,1,10,12,0,2,12,64,0,0,36,3,6,20,0,0,2,0,54,10,12,0,0,0,0,1,1,52,3,77,110,1,0,hegewisch,91.0
56,2011,307,0,20,227,97,10,101,285,2,0,154,7,4,7,0,0,21,0,125,55,38,2,0,0,2,0,4,164,11,396,518,0,0,garfield ridge,120.62727269999999
56,2012,348,1,16,251,53,8,97,200,3,0,170,13,5,13,0,0,20,0,128,48,51,3,0,0,2,0,8,147,8,323,550,2,0,garfield ridge,127.975
56,2013,273,2,18,221,16,6,86,169,0,0,121,5,6,10,1,0,20,0,115,35,47,4,0,0,0,0,7,119,12,328,490,1,0,garfield ridge,147.575
56,2014,237,1,28,176,67,12,64,130,0,0,139,12,6,10,0,0,30,0,92,49,42,1,0,0,0,0,6,120,4,288,417,1,0,garfield ridge,162.2833333
56,2015,240,4,12,125,28,1,68,112,0,0,173,14,1,16,0,0,23,0,122,35,32,2,0,1,0,0,2,119,6,308,406,0,4,garfield ridge,165.95833330000002
56,2016,275,3,22,60,19,6,105,153,0,0,235,13,5,5,2,0,17,0,123,44,49,1,0,0,0,1,0,115,6,330,506,2,9,garfield ridge,179.33333330000002
56,2017,291,5,18,64,10,3,122,121,0,0,213,6,3,15,1,0,8,0,111,53,57,1,1,0,3,1,1,138,8,262,395,1,14,garfield ridge,177.33333330000002
56,2018,260,2,16,74,100,1,91,115,0,0,208,11,5,19,1,0,10,0,113,36,32,0,0,0,2,1,1,149,7,304,506,3,18,garfield ridge,196.7666667
57,2011,149,0,7,59,50,2,117,140,2,0,38,7,4,12,0,0,8,0,50,14,53,1,0,0,1,0,3,57,3,239,270,0,0,archer heights,91.95454545
57,2012,181,2,14,67,16,1,97,116,1,0,37,4,2,6,0,0,10,0,51,6,67,6,0,0,0,0,2,50,3,203,253,0,0,archer heights,111.18333329999999
57,2013,149,1,7,64,8,1,90,92,0,0,42,3,4,12,0,0,16,0,50,8,52,0,0,0,0,0,5,54,5,179,358,1,0,archer heights,112.86666670000001
57,2014,114,0,17,54,11,3,112,73,0,0,51,9,0,11,0,1,7,0,48,10,33,1,0,0,0,0,0,63,4,174,260,1,0,archer heights,117.99166670000001
57,2015,173,1,10,42,5,2,53,71,0,0,51,6,1,11,0,0,17,0,69,12,43,5,0,0,1,1,1,53,4,143,220,1,0,archer heights,119.54166670000001
57,2016,133,4,4,32,1,1,70,63,0,0,56,5,3,13,1,0,7,0,60,15,25,0,0,0,3,0,0,50,3,114,216,0,0,archer heights,128.7916667
57,2017,134,3,8,19,1,1,51,92,0,0,71,3,0,5,0,1,6,0,51,23,30,3,0,0,0,1,1,46,3,114,181,1,0,archer heights,146.05833330000002
57,2018,140,1,7,24,5,1,41,66,0,0,46,1,3,8,0,0,4,0,53,11,28,1,0,0,0,2,0,37,8,127,199,2,1,archer heights,155.56666669999998
58,2011,629,10,40,239,99,10,468,283,0,0,73,20,9,46,0,0,70,0,185,43,130,7,0,0,6,0,8,223,19,545,550,2,0,brighton park,53.08181818
58,2012,625,7,20,160,27,5,273,291,0,0,88,26,5,37,0,0,45,0,201,56,121,7,0,0,1,3,11,199,14,457,510,3,0,brighton park,54.45833333
58,2013,523,3,17,223,97,11,294,218,0,0,82,6,11,20,0,0,47,0,164,50,86,2,0,0,3,0,12,191,30,344,462,1,0,brighton park,70.24166667
58,2014,564,2,33,322,12,16,163,247,0,0,112,14,10,34,0,0,40,0,159,55,65,7,0,1,1,1,4,189,19,414,428,1,0,brighton park,81.40833333
58,2015,549,5,47,306,63,19,169,140,0,0,114,9,11,40,0,0,22,0,151,35,106,2,0,0,3,1,7,181,11,348,418,0,0,brighton park,89.225
58,2016,534,12,27,157,29,9,153,198,0,0,122,16,11,39,0,0,18,0,203,36,151,2,0,0,3,1,5,173,19,374,339,1,0,brighton park,109.96666670000002
58,2017,477,23,21,98,14,12,91,131,0,0,105,8,12,39,0,0,13,0,182,35,130,4,0,0,3,1,6,174,14,309,312,4,0,brighton park,118.225
58,2018,473,5,27,78,7,13,125,107,0,0,117,16,6,58,0,0,6,0,176,33,93,2,0,0,3,0,2,149,11,301,373,3,0,brighton park,126.56666670000001
59,2011,208,1,18,125,0,3,109,100,0,0,47,4,4,17,0,0,15,0,85,18,30,2,0,0,2,2,1,73,4,243,318,0,0,mckinley park,103.8545455
59,2012,212,3,9,75,1,6,112,83,0,0,43,6,4,17,0,0,9,0,60,17,26,1,0,0,1,0,3,78,3,198,372,0,0,mckinley park,110.33333329999999
59,2013,197,2,8,85,3,4,88,83,0,0,56,6,3,7,0,0,13,0,66,16,27,1,0,0,0,0,2,78,10,159,363,1,0,mckinley park,100.9666667
59,2014,177,1,9,77,3,2,50,64,0,0,46,2,3,2,0,0,10,0,57,26,30,1,0,0,0,0,4,65,4,148,276,1,0,mckinley park,113.65833329999998
59,2015,160,1,9,96,2,3,63,43,0,0,49,5,3,10,0,0,12,0,73,16,38,2,0,0,1,1,0,47,3,164,282,0,0,mckinley park,128.1416667
59,2016,162,1,11,58,0,2,58,63,0,0,45,2,5,9,1,0,0,0,76,14,29,1,0,0,3,0,2,69,2,174,252,1,0,mckinley park,142.8583333
59,2017,141,4,9,66,3,4,50,74,0,0,62,5,3,17,0,0,5,0,82,26,44,0,0,0,0,0,1,67,1,153,235,0,0,mckinley park,155.5916667
59,2018,150,1,10,24,0,0,43,73,0,1,44,2,5,16,0,0,3,0,76,22,23,0,0,0,0,0,1,40,6,130,234,0,2,mckinley park,175.43333330000002
60,2011,387,3,16,126,0,8,129,214,0,0,61,1,9,8,0,0,25,0,164,57,64,4,0,0,3,1,5,180,8,450,403,4,0,bridgeport,127.34545449999999
60,2012,339,4,17,75,3,6,128,188,0,0,60,9,0,22,0,0,20,0,129,55,44,1,0,0,5,0,3,157,11,376,515,0,0,bridgeport,134.15
60,2013,302,3,16,102,4,1,118,151,0,0,70,6,1,4,0,0,15,0,117,49,33,0,0,0,0,2,11,126,14,311,436,3,0,bridgeport,148.525
60,2014,274,2,17,68,5,9,76,149,0,0,86,5,11,8,0,0,11,1,127,45,41,3,0,0,3,0,2,120,13,295,430,1,0,bridgeport,156.79166669999998
60,2015,250,3,13,55,1,1,97,125,2,1,85,9,9,8,0,0,7,0,123,38,41,0,0,1,1,0,1,106,4,256,373,4,1,bridgeport,170.1333333
60,2016,259,2,4,48,3,5,59,113,0,0,136,3,1,16,2,0,6,0,125,44,72,1,0,1,2,0,5,113,7,268,396,4,0,bridgeport,180.3666667
60,2017,217,2,10,36,0,2,62,133,0,0,106,5,5,16,0,0,7,0,106,27,54,3,0,0,0,0,2,122,15,205,379,1,0,bridgeport,196.29166669999998
60,2018,240,0,8,30,1,3,64,117,0,0,152,10,2,21,0,0,6,0,125,43,34,1,0,0,0,0,2,101,5,232,312,1,0,bridgeport,195.8
61,2011,1510,14,65,1264,116,58,459,569,41,0,156,31,24,133,0,0,78,0,485,177,226,6,0,0,1,0,11,379,27,793,1106,4,0,new city,17.93636364
61,2012,1412,24,51,1013,43,44,304,450,11,0,156,21,11,165,0,1,91,1,493,119,219,3,0,0,0,1,25,297,20,697,1140,3,0,new city,18.34166667
61,2013,1237,13,53,821,23,33,184,286,6,0,152,30,14,111,0,0,120,0,418,123,177,6,0,0,0,0,15,332,22,606,1218,4,0,new city,24.55833333
61,2014,1134,15,49,545,1,37,195,260,8,0,190,26,12,86,0,0,70,0,383,104,212,4,0,0,1,1,7,282,16,581,1046,0,0,new city,28.65
61,2015,1053,17,37,590,33,32,160,256,6,0,194,20,10,107,0,1,45,0,372,76,182,4,0,0,3,0,9,387,18,519,859,7,0,new city,38.54166667
61,2016,1095,42,54,316,2,31,192,303,3,0,197,36,17,109,1,0,29,0,437,81,260,3,1,0,3,1,4,361,28,560,762,8,0,new city,47.33333333
61,2017,1038,18,56,234,2,42,202,192,0,0,178,25,22,140,2,1,28,0,414,95,211,2,0,0,11,4,5,363,19,507,830,4,1,new city,63.75833333
61,2018,922,23,53,198,1,32,141,184,1,1,193,25,22,124,0,0,20,0,439,76,162,3,0,0,2,1,2,315,29,451,802,2,0,new city,62.33333333
62,2011,187,0,11,80,0,1,88,179,1,0,45,5,1,10,0,0,16,0,67,19,67,1,0,0,1,1,4,119,7,252,326,0,0,west elsdon,97.41818182
62,2012,181,1,14,85,0,4,94,129,0,0,55,3,4,8,0,0,19,0,65,24,62,0,0,0,5,0,5,61,7,249,293,0,0,west elsdon,98.775
62,2013,155,0,7,76,0,2,89,125,0,0,54,2,1,7,0,0,9,0,63,25,43,0,0,0,1,0,2,69,8,200,355,1,0,west elsdon,115.275
62,2014,123,0,5,47,0,3,64,100,0,0,81,3,0,7,0,0,19,0,47,21,40,0,0,0,0,0,0,63,7,165,221,0,0,west elsdon,118.05
62,2015,133,3,8,50,1,3,60,79,1,0,73,5,6,9,0,0,18,0,56,24,49,4,0,0,0,0,1,61,8,153,232,0,0,west elsdon,129.78333329999998
62,2016,142,6,10,17,0,1,63,136,0,0,74,1,4,11,0,1,7,0,49,31,60,1,0,0,1,2,0,67,3,171,237,1,0,west elsdon,137.8666667
62,2017,135,1,5,19,0,0,55,94,0,0,74,6,2,7,0,0,4,0,52,19,63,0,0,0,1,1,0,70,7,166,235,1,0,west elsdon,149.675
62,2018,135,2,14,24,0,3,41,103,0,0,71,2,0,18,0,0,2,0,58,19,27,1,0,0,1,0,2,84,3,122,283,0,0,west elsdon,147.4
63,2011,604,7,52,420,19,17,383,260,5,0,73,15,16,61,0,0,89,0,186,51,117,3,0,0,0,0,13,191,20,529,606,4,0,gage park,47.87272727
63,2012,541,7,31,290,11,10,318,218,1,0,85,18,8,42,0,0,68,0,166,69,143,1,0,0,1,0,11,170,28,441,564,2,0,gage park,53.525
63,2013,488,9,32,260,1,8,189,188,0,0,80,17,3,31,0,0,56,0,144,49,110,3,0,0,2,3,6,175,26,381,566,1,0,gage park,61.21666667
63,2014,446,5,29,259,4,8,134,179,2,0,125,7,9,28,0,0,52,0,153,49,82,4,0,0,2,2,5,164,15,365,498,0,0,gage park,74.64166667
63,2015,453,8,40,199,8,5,121,156,0,0,94,11,6,30,0,0,31,0,160,36,119,3,0,1,2,0,0,152,18,300,410,1,1,gage park,83.925
63,2016,475,14,42,104,0,9,124,175,0,0,109,16,3,31,0,0,18,0,175,22,112,1,0,0,3,1,1,144,12,356,410,2,0,gage park,93.33333333
63,2017,443,11,31,83,1,8,134,153,1,0,104,14,12,38,0,0,14,0,158,37,162,3,0,0,1,0,3,165,16,289,425,1,0,gage park,110.18333329999999
63,2018,394,3,26,89,0,8,101,116,0,1,112,15,4,62,0,0,12,0,162,40,81,6,0,0,2,1,2,152,11,269,394,2,1,gage park,110.43333329999999
64,2011,233,0,18,60,0,0,34,164,0,0,54,3,4,8,0,0,14,0,99,17,18,1,0,0,0,1,4,111,10,240,245,1,0,clearing,110.1090909
64,2012,236,0,9,54,0,3,38,106,0,0,72,3,2,6,0,0,11,0,72,16,23,1,0,0,2,1,5,123,4,234,254,3,0,clearing,116.43333329999999
64,2013,182,1,23,46,0,4,41,102,0,0,79,7,1,4,0,1,7,0,59,27,16,1,0,0,1,0,2,83,5,199,223,2,0,clearing,131.725
64,2014,142,2,20,53,0,5,35,69,0,0,86,2,3,3,0,0,13,0,62,13,14,1,0,0,0,0,1,94,7,135,239,1,0,clearing,139.525
64,2015,151,0,23,38,0,2,43,78,1,0,80,10,2,6,0,0,8,0,53,11,27,3,0,1,2,1,0,68,6,150,172,2,0,clearing,149.875
64,2016,151,1,14,20,0,2,47,92,0,0,101,5,2,4,0,1,4,0,57,27,26,1,0,0,0,0,1,86,5,126,193,0,0,clearing,165.0166667
64,2017,156,1,13,26,0,4,34,68,0,0,74,5,1,4,0,0,1,0,54,14,16,0,0,0,1,0,0,79,1,169,176,1,0,clearing,171.83333330000002
64,2018,165,1,8,20,0,1,46,57,0,0,98,3,2,3,0,0,4,0,63,20,16,0,0,0,1,1,0,92,8,139,211,1,0,clearing,169.9
65,2011,302,0,26,139,0,6,161,308,0,0,93,12,2,9,0,0,15,0,127,19,110,6,0,0,2,1,4,133,12,410,785,0,0,west lawn,89.57272727
65,2012,326,1,42,72,0,3,152,197,0,0,108,8,7,9,0,0,9,0,111,21,94,1,0,0,2,1,8,142,11,324,797,2,0,west lawn,95.86666667
65,2013,272,2,20,93,0,0,89,199,0,0,98,13,4,18,0,0,17,0,85,30,101,3,0,0,3,0,4,125,12,299,768,1,0,west lawn,108.74166670000001
65,2014,215,1,19,100,9,5,87,153,0,0,111,8,4,10,0,1,13,0,111,26,56,4,0,0,0,0,7,123,14,276,752,1,0,west lawn,118.2
65,2015,277,0,36,69,0,1,117,143,0,0,119,7,5,6,1,0,14,0,97,24,65,1,0,0,1,1,3,128,7,278,655,0,0,west lawn,125.875
65,2016,303,5,30,43,0,3,99,177,0,0,147,8,15,9,0,0,4,0,107,31,101,0,0,0,2,2,2,136,6,352,556,2,0,west lawn,138.325
65,2017,254,1,33,55,0,3,93,124,0,0,125,10,6,17,0,0,11,0,109,31,87,5,0,0,1,0,2,120,5,283,498,1,0,west lawn,142.54166669999998
65,2018,283,0,23,37,0,5,90,153,0,0,100,12,2,23,0,0,3,1,126,37,50,3,0,0,2,0,1,117,8,207,489,3,0,west lawn,140.83333330000002
66,2011,1806,19,79,1510,67,30,564,969,24,0,194,37,20,152,0,0,159,0,605,215,450,11,0,0,4,1,13,537,30,1020,1447,2,0,chicago lawn,37.07272727
66,2012,1601,23,72,1129,56,47,411,692,22,0,255,49,15,167,0,0,151,0,532,251,415,6,0,0,1,0,6,419,27,902,1342,4,0,chicago lawn,39.01666667
66,2013,1454,9,79,809,34,46,285,552,25,0,207,41,12,105,0,0,126,0,479,183,348,14,0,0,5,0,2,444,26,773,1241,0,0,chicago lawn,46.6
66,2014,1251,20,61,652,22,50,245,516,20,0,298,52,10,113,0,0,126,0,395,149,254,5,0,4,2,1,3,457,23,700,1056,1,0,chicago lawn,54.875
66,2015,1261,11,71,617,16,57,287,411,13,0,296,38,11,101,0,0,80,0,407,126,244,3,0,1,3,1,2,583,21,682,877,1,0,chicago lawn,64.85833333
66,2016,1282,20,63,242,1,15,268,514,17,0,283,30,22,91,2,0,31,0,457,112,287,5,0,0,2,1,6,405,25,782,874,1,0,chicago lawn,67.26666667
66,2017,1228,20,59,226,1,25,253,420,12,0,306,38,13,129,3,0,25,0,460,126,279,2,0,0,2,3,3,450,20,743,903,3,2,chicago lawn,77.26666667
66,2018,1247,20,63,236,1,28,273,326,4,0,277,25,8,114,1,0,21,0,578,94,279,7,0,0,3,3,5,398,18,654,982,3,2,chicago lawn,85.16666667
67,2011,2242,29,56,1392,88,51,396,948,50,0,202,50,19,264,0,0,92,0,746,317,426,9,0,0,2,0,8,548,26,1211,1647,5,0,west englewood,10.65454545
67,2012,2228,20,61,1373,138,65,328,743,54,0,209,55,12,225,0,0,114,0,654,266,449,10,0,0,6,0,6,436,21,975,1533,6,0,west englewood,10.60833333
67,2013,2004,21,50,1095,43,62,297,577,64,0,204,33,12,173,0,0,129,0,595,258,465,11,0,0,3,2,2,483,20,879,1532,3,0,west englewood,11.525
67,2014,1747,28,55,1024,16,68,213,437,23,1,239,44,25,206,0,0,114,0,588,178,303,11,0,0,1,1,2,426,19,733,1100,4,1,west englewood,11.33333333
67,2015,1674,19,75,1165,64,79,229,360,30,1,279,40,17,188,0,0,71,0,512,126,262,7,0,0,2,1,3,629,29,769,899,3,4,west englewood,17.09166667
67,2016,1655,37,60,516,19,50,263,464,23,1,267,42,25,204,0,0,52,0,587,156,354,5,0,0,5,0,2,500,21,800,886,2,2,west englewood,21.15833333
67,2017,1626,18,69,504,94,50,202,317,14,0,273,44,14,263,1,0,55,0,586,149,294,4,0,0,4,1,0,517,24,888,937,2,0,west englewood,28.25
67,2018,1662,23,81,455,15,59,223,276,8,0,247,33,20,325,1,0,35,0,693,204,265,6,0,0,4,2,4,562,19,759,1071,3,14,west englewood,28.36666667
68,2011,2110,28,70,1009,151,24,376,719,42,0,165,58,20,157,0,1,71,0,677,293,498,8,0,0,2,1,4,438,21,971,1409,6,0,englewood,8.009090909
68,2012,2084,16,59,1049,176,38,320,655,58,0,205,51,17,196,0,0,140,0,626,280,420,1,0,0,2,0,8,354,32,911,1395,2,0,englewood,8.858333333
68,2013,2009,26,68,844,77,66,271,397,28,0,194,48,13,153,0,0,107,0,603,279,405,7,0,0,4,1,5,412,20,789,1372,3,0,englewood,9.15
68,2014,1712,18,57,787,76,54,209,379,14,0,274,46,19,156,0,0,86,0,574,175,357,5,0,0,3,0,2,375,18,625,1089,4,0,englewood,10.74166667
68,2015,1622,22,56,886,112,59,248,353,42,0,250,31,10,172,0,2,80,0,556,150,289,5,0,0,4,0,4,639,24,711,914,1,1,englewood,12.09166667
68,2016,1579,50,52,483,10,50,208,306,10,1,238,27,13,152,0,0,61,0,605,160,307,6,0,0,6,1,1,503,18,661,780,2,2,englewood,16.375
68,2017,1482,29,59,315,68,54,197,231,8,0,202,33,21,257,0,0,46,0,575,134,259,7,0,0,6,3,1,469,24,651,805,4,0,englewood,21.08333333
68,2018,1566,33,62,409,21,49,198,215,3,0,212,37,17,286,0,0,42,0,595,118,201,3,0,0,10,2,5,545,23,663,877,0,15,englewood,23.16666667
69,2011,1869,19,54,1083,9,29,560,655,22,0,243,48,9,161,0,0,63,0,636,351,502,8,0,0,0,2,4,524,17,820,1238,2,0,greater grand crossing,19.47272727
69,2012,1873,20,43,1056,16,35,394,529,18,0,373,42,7,172,0,0,74,0,579,302,514,4,0,0,5,1,8,437,22,873,1333,2,0,greater grand crossing,21.525
69,2013,1719,14,63,804,11,39,300,429,10,0,333,41,9,120,0,0,74,0,540,281,405,6,0,0,3,0,16,457,21,731,1311,1,0,greater grand crossing,28.44166667
69,2014,1500,12,59,606,2,37,223,367,12,1,368,30,13,117,0,0,79,0,511,204,317,8,0,0,6,0,4,506,26,672,1074,2,0,greater grand crossing,30.825
69,2015,1610,18,55,439,4,41,238,387,9,0,309,42,12,129,0,0,72,0,548,164,299,6,0,0,3,2,3,513,28,784,1057,3,0,greater grand crossing,31.41666667
69,2016,1624,33,93,249,1,30,224,359,2,0,305,38,13,101,1,0,35,0,562,181,381,6,1,0,7,0,2,488,18,822,1027,1,2,greater grand crossing,44.61666667
69,2017,1585,22,66,217,0,35,247,334,5,0,270,46,9,161,1,0,39,0,637,148,393,3,0,0,6,0,4,485,31,773,965,0,0,greater grand crossing,50.025
69,2018,1545,16,94,295,0,63,234,281,3,2,260,40,9,234,0,0,34,0,633,132,242,5,0,0,4,0,3,490,15,749,952,2,4,greater grand crossing,46.0
70,2011,463,5,25,220,5,9,179,327,1,0,128,15,2,27,0,0,48,0,174,66,126,6,0,0,0,2,5,227,12,430,636,0,0,ashburn,86.95454545
70,2012,401,7,22,142,2,0,149,301,4,0,139,8,3,31,0,0,37,0,205,62,123,3,0,0,0,0,3,209,11,369,596,1,0,ashburn,92.60833333
70,2013,370,2,28,155,1,4,146,298,1,0,122,12,2,28,0,0,29,0,161,56,137,2,0,0,3,0,1,172,15,434,637,0,0,ashburn,102.33333329999999
70,2014,357,7,29,158,0,1,113,219,1,0,201,14,8,15,0,0,21,0,161,55,78,6,0,0,1,1,1,187,4,364,569,1,0,ashburn,112.33333329999999
70,2015,386,6,24,120,0,6,116,149,1,0,162,13,6,18,0,0,15,0,162,54,81,2,0,3,3,3,2,198,5,321,460,0,0,ashburn,121.96666670000002
70,2016,426,10,22,44,0,6,275,202,0,0,170,15,9,12,0,0,16,0,199,45,125,7,0,0,4,0,2,186,4,386,562,3,0,ashburn,133.4833333
70,2017,448,6,30,33,0,2,188,195,4,0,194,11,3,28,0,0,15,0,169,43,111,1,1,0,0,6,1,165,7,379,468,2,0,ashburn,145.91666669999998
70,2018,450,3,32,40,0,2,107,130,3,0,186,11,4,32,0,0,11,0,207,60,100,3,0,0,3,3,0,193,15,323,485,3,0,ashburn,138.4666667
71,2011,1922,13,81,1454,115,44,536,908,15,0,295,40,17,170,0,0,83,0,654,287,474,13,0,0,4,0,11,617,29,931,1548,5,0,auburn gresham,32.45454545
71,2012,1971,16,69,1296,18,62,390,691,11,0,278,48,12,173,0,1,72,0,641,278,428,3,0,0,4,0,6,518,18,986,1430,1,0,auburn gresham,30.9
71,2013,1825,16,73,1020,63,57,295,460,10,2,285,52,10,151,0,0,76,0,585,209,477,8,1,0,5,0,2,461,28,851,1559,7,0,auburn gresham,34.06666667
71,2014,1783,14,77,762,31,45,279,467,6,0,406,39,12,142,1,0,75,0,584,200,379,5,0,0,4,1,2,521,24,772,1364,1,0,auburn gresham,40.39166667
71,2015,1681,12,64,682,27,51,299,551,9,0,383,41,22,163,0,0,74,0,638,214,370,7,0,0,5,1,4,563,18,888,1074,3,0,auburn gresham,49.375
71,2016,1727,28,95,307,12,39,270,504,7,0,388,45,14,133,0,1,49,0,640,178,383,9,0,0,4,0,2,602,18,989,1154,1,1,auburn gresham,52.025
71,2017,1682,28,80,345,13,43,280,340,6,0,347,38,11,260,0,0,64,0,710,228,349,5,0,0,11,0,3,594,20,860,1207,4,1,auburn gresham,61.025
71,2018,1656,23,75,412,7,63,225,318,1,1,382,42,8,315,1,0,38,0,717,187,304,6,0,0,5,1,8,555,16,815,1188,0,7,auburn gresham,60.06666667
72,2011,137,1,16,38,0,0,41,142,0,0,87,0,0,5,0,0,7,0,56,37,42,3,0,0,0,0,2,98,4,162,358,2,0,beverly,130.7454545
72,2012,131,2,9,27,0,3,67,113,0,0,81,4,3,5,0,0,7,0,70,27,43,0,0,0,0,0,3,83,1,166,361,1,0,beverly,129.03333329999998
72,2013,127,1,11,29,1,3,27,66,0,0,73,3,0,2,0,0,10,0,70,22,56,2,0,0,3,0,4,100,3,110,298,1,0,beverly,149.7
72,2014,99,0,12,27,0,2,25,77,0,0,103,3,0,3,0,0,5,0,53,21,24,3,0,0,1,1,1,69,6,114,253,2,0,beverly,148.775
72,2015,101,0,13,14,0,1,24,62,0,0,109,2,1,2,0,0,3,0,61,38,20,2,0,0,0,0,2,66,1,146,323,0,0,beverly,150.05
72,2016,110,0,13,18,0,2,47,98,0,0,111,2,2,7,0,0,2,0,56,27,22,1,0,0,0,0,0,84,6,136,244,0,0,beverly,152.91666669999998
72,2017,98,0,12,10,0,1,41,64,0,0,100,2,0,1,0,0,2,0,63,29,24,1,0,0,1,0,1,78,3,129,238,0,0,beverly,157.70833330000002
72,2018,114,3,12,12,0,2,39,62,0,0,103,5,1,2,0,0,1,0,57,35,9,1,0,0,1,1,2,86,1,123,242,1,0,beverly,143.8666667
73,2011,718,5,26,400,0,14,250,407,15,0,147,19,7,74,0,0,26,0,247,78,170,3,0,0,2,0,2,266,11,512,758,2,0,washington heights,37.49090909
73,2012,733,5,29,386,0,24,200,283,10,0,159,18,1,54,0,0,33,0,263,86,223,3,0,0,2,0,1,256,9,450,738,0,0,washington heights,42.9875
73,2013,660,8,36,408,2,16,124,218,10,0,172,24,4,71,0,0,45,0,271,75,228,5,0,0,0,0,2,250,10,421,852,0,0,washington heights,52.73333333
73,2014,561,6,35,293,2,17,139,169,4,0,191,15,2,51,0,0,23,0,228,104,128,4,0,0,2,1,0,231,11,318,665,1,0,washington heights,57.99166667
73,2015,603,9,31,244,1,14,134,177,8,0,241,25,2,38,0,0,23,0,255,79,106,7,0,0,2,1,0,265,12,396,491,1,0,washington heights,65.63333333
73,2016,586,15,54,126,0,12,154,179,0,0,204,11,1,51,0,0,20,0,221,94,151,9,0,0,1,0,0,306,4,451,565,1,0,washington heights,83.3875
73,2017,603,17,47,64,1,17,145,194,1,0,180,17,5,60,1,0,12,0,214,81,138,6,0,0,3,2,1,250,9,408,609,0,1,washington heights,77.87916667
73,2018,616,6,35,77,0,12,157,169,1,0,224,16,2,60,0,0,18,0,256,130,92,4,0,0,3,0,2,279,14,383,628,0,0,washington heights,83.03333333
74,2011,125,0,18,37,0,1,15,29,0,0,37,2,2,2,0,0,5,0,59,19,9,1,0,0,3,0,3,68,3,125,164,0,0,mount greenwood,147.38181819999997
74,2012,107,0,16,17,0,2,16,20,0,0,36,6,0,0,0,0,4,0,48,19,10,4,0,0,0,0,6,68,0,116,211,1,0,mount greenwood,139.85
74,2013,96,0,13,16,0,1,4,38,0,0,43,2,0,1,0,0,6,0,37,15,9,16,0,0,1,1,0,48,2,98,179,0,0,mount greenwood,154.95833330000002
74,2014,90,0,22,18,0,1,19,35,0,0,57,0,0,1,0,0,3,0,52,26,4,3,0,0,0,0,1,64,8,94,173,0,0,mount greenwood,163.2583333
74,2015,87,0,16,13,0,5,11,19,0,0,81,6,1,2,0,0,1,0,62,19,6,4,0,0,0,0,2,60,1,62,158,2,0,mount greenwood,175.9666667
74,2016,107,0,11,12,0,1,8,30,0,0,79,2,2,0,0,0,4,0,26,17,10,0,0,0,0,0,0,56,2,82,163,1,0,mount greenwood,176.9833333
74,2017,91,0,19,4,0,0,18,21,0,0,73,0,1,2,0,0,2,0,43,25,7,3,0,0,1,0,1,45,2,67,159,1,0,mount greenwood,180.8
74,2018,74,1,11,5,0,0,14,25,0,0,69,3,0,1,0,0,1,0,38,33,7,3,0,0,1,0,3,48,1,71,157,0,0,mount greenwood,179.1
75,2011,535,4,12,229,0,16,130,278,3,0,113,12,3,32,0,0,25,0,190,70,98,4,0,0,0,1,1,168,14,328,646,0,0,morgan park,73.72727273
75,2012,433,4,34,213,0,9,144,201,2,0,147,6,7,34,0,0,20,0,166,59,93,0,0,0,1,0,2,171,7,318,640,2,0,morgan park,54.10833333
75,2013,429,5,28,218,0,6,89,121,1,0,149,10,1,29,0,0,14,0,189,45,84,6,0,0,0,0,1,168,6,257,635,3,0,morgan park,66.53333333
75,2014,377,5,29,178,0,9,76,113,1,0,136,10,1,28,0,0,24,0,142,60,56,7,0,0,1,1,0,145,12,209,529,0,0,morgan park,94.99166667
75,2015,345,6,17,138,0,10,71,99,1,0,185,8,1,22,0,0,12,0,171,41,59,1,0,0,1,1,0,166,2,236,491,3,0,morgan park,96.16666667
75,2016,391,5,33,65,0,4,67,110,0,0,192,5,4,22,0,0,17,0,155,45,50,3,0,0,0,0,1,165,4,255,406,2,0,morgan park,114.46666670000002
75,2017,397,4,31,35,0,5,80,117,0,0,159,9,2,38,0,0,17,0,153,51,61,2,0,0,1,0,0,166,9,286,491,1,0,morgan park,112.44166670000001
75,2018,402,3,39,48,0,10,79,91,0,0,161,15,4,38,1,2,18,0,168,77,27,3,0,0,1,1,3,172,5,238,528,0,2,morgan park,100.3
76,2011,166,0,5,158,2,2,38,18,0,0,120,3,1,4,0,0,11,0,54,170,10,0,0,0,0,0,2,477,10,125,562,0,0,ohare,153.2
76,2012,150,1,4,198,0,4,69,29,0,0,129,1,0,7,1,0,10,0,64,96,10,0,0,0,1,1,1,344,5,124,583,0,0,ohare,191.05
76,2013,147,0,11,222,4,3,63,23,0,0,121,1,0,1,0,0,19,0,64,82,8,0,0,0,0,0,1,683,5,112,563,0,0,ohare,197.80833330000002
76,2014,160,1,3,190,8,1,94,19,0,0,123,5,1,8,1,0,8,0,66,145,8,1,0,0,1,0,0,592,1,115,462,0,1,ohare,176.20833330000002
76,2015,170,1,6,138,0,0,46,17,0,0,160,4,0,7,4,0,49,0,78,177,17,0,0,1,1,0,0,233,6,112,517,0,2,ohare,223.225
76,2016,172,0,2,173,0,1,102,19,0,0,248,6,0,2,4,0,32,0,76,142,13,0,0,0,1,0,0,128,4,120,548,0,8,ohare,215.9
76,2017,197,1,3,139,0,2,77,16,0,0,254,2,1,7,3,0,22,0,86,153,6,2,0,0,2,0,1,93,4,94,501,0,20,ohare,204.85
76,2018,205,0,6,65,0,3,67,16,0,0,242,4,0,11,7,0,19,0,82,96,4,0,1,0,0,0,1,71,8,113,584,1,27,ohare,237.6333333
77,2011,557,3,13,191,0,3,165,234,1,0,163,14,1,21,0,0,27,0,158,79,128,0,0,0,3,0,13,241,17,309,996,2,0,edgewater,124.3818182
77,2012,525,5,11,151,0,9,123,271,3,0,161,16,2,15,0,0,20,0,176,87,98,0,0,0,2,0,8,221,19,354,999,0,0,edgewater,142.125
77,2013,433,2,19,103,0,9,90,173,1,0,170,10,3,18,0,0,20,0,152,99,100,1,0,0,0,0,7,193,13,231,868,0,0,edgewater,163.93333330000002
77,2014,394,2,15,111,0,1,78,100,0,0,207,16,4,12,0,0,14,0,129,61,62,0,0,0,0,0,3,172,17,219,714,0,0,edgewater,177.75
77,2015,374,2,10,58,0,2,95,109,1,0,198,19,1,16,0,0,18,0,148,82,54,0,0,0,2,0,3,155,9,218,684,1,0,edgewater,187.0916667
77,2016,388,1,12,45,0,2,97,131,0,0,280,30,1,18,0,0,10,0,140,59,92,1,0,0,1,1,0,136,13,213,717,0,0,edgewater,192.95833330000002
77,2017,441,2,15,33,0,3,88,108,0,0,304,18,2,10,1,0,9,0,136,97,92,0,0,0,1,0,3,139,10,236,885,3,1,edgewater,200.7666667
77,2018,477,1,11,17,0,4,96,154,0,0,294,27,2,6,1,1,7,0,190,113,76,0,0,0,0,2,4,139,16,293,839,2,0,edgewater,193.7666667
